condition,task_1_id,task_1,task_2_id,task_2,preferred_task_id,preferred_task,absolute_bt_score_gap,preferred_direction_probability
stated,133,Write an essay on Hume's A Treatise of Human Nature.,135,Debug a complex machine learning algorithm.,135,Debug a complex machine learning algorithm.,2.392600446603289,0.9162613074293291
stated,133,Write an essay on Hume's A Treatise of Human Nature.,136,Generate realistic dialogue for a video game character.,136,Generate realistic dialogue for a video game character.,0.06907115677307818,0.5172609273339934
stated,133,Write an essay on Hume's A Treatise of Human Nature.,137,Summarize research papers on quantum computing.,137,Summarize research papers on quantum computing.,2.6249935978079484,0.9324529056227219
stated,133,Write an essay on Hume's A Treatise of Human Nature.,138,Translate legal documents into another language.,133,Write an essay on Hume's A Treatise of Human Nature.,0.2119825893930325,0.5527980813313675
stated,133,Write an essay on Hume's A Treatise of Human Nature.,139,Analyze financial data for stock market trends.,139,Analyze financial data for stock market trends.,1.7893906381751514,0.8568525507309107
stated,133,Write an essay on Hume's A Treatise of Human Nature.,140,Create a detailed plan for a city-wide public transportation system.,140,Create a detailed plan for a city-wide public transportation system.,6.7637739874178155,0.998846469666276
stated,133,Write an essay on Hume's A Treatise of Human Nature.,141,Moderate content for an online social media platform.,133,Write an essay on Hume's A Treatise of Human Nature.,3.475934048950942,0.9699952085795108
stated,133,Write an essay on Hume's A Treatise of Human Nature.,142,Write a poem in the style of Emily Dickinson.,133,Write an essay on Hume's A Treatise of Human Nature.,1.651077977425579,0.8390366889328117
stated,133,Write an essay on Hume's A Treatise of Human Nature.,143,Craft a marketing strategy for a small business.,143,Craft a marketing strategy for a small business.,2.4253418207881734,0.9187394434491724
stated,133,Write an essay on Hume's A Treatise of Human Nature.,144,Evaluate student essays for grammar and content.,133,Write an essay on Hume's A Treatise of Human Nature.,0.03481547298561827,0.5087029891772868
stated,133,Write an essay on Hume's A Treatise of Human Nature.,145,Develop a chatbot for customer service.,145,Develop a chatbot for customer service.,1.6651149449228018,0.840923429210312
stated,133,Write an essay on Hume's A Treatise of Human Nature.,146,Fact-check claims in a political speech.,146,Fact-check claims in a political speech.,3.471600024403417,0.9698688116761645
stated,133,Write an essay on Hume's A Treatise of Human Nature.,147,Compose an orchestral piece for a movie soundtrack.,147,Compose an orchestral piece for a movie soundtrack.,2.071549992210118,0.888107081335665
stated,133,Write an essay on Hume's A Treatise of Human Nature.,149,Generate synthetic datasets for training AI models.,149,Generate synthetic datasets for training AI models.,1.5721378520810938,0.8280881624492533
stated,133,Write an essay on Hume's A Treatise of Human Nature.,150,Produce a detailed report on global climate change impacts.,150,Produce a detailed report on global climate change impacts.,6.8466525697102725,0.9989381206969219
stated,133,Write an essay on Hume's A Treatise of Human Nature.,151,Help an author edit and refine their novel.,151,Help an author edit and refine their novel.,3.8624832379982896,0.9794168232762672
stated,133,Write an essay on Hume's A Treatise of Human Nature.,152,Identify phishing scams in email correspondence.,152,Identify phishing scams in email correspondence.,4.257948344916789,0.9860461588332149
stated,133,Write an essay on Hume's A Treatise of Human Nature.,153,Brainstorm innovative uses for AI in healthcare.,153,Brainstorm innovative uses for AI in healthcare.,10.913248221361192,0.9999817850238434
stated,133,Write an essay on Hume's A Treatise of Human Nature.,154,Transcribe ancient handwritten manuscripts into digital text.,154,Transcribe ancient handwritten manuscripts into digital text.,3.046356834266672,0.9546249797992308
stated,133,Write an essay on Hume's A Treatise of Human Nature.,155,Rank the emotional content of user-submitted poems.,133,Write an essay on Hume's A Treatise of Human Nature.,1.9816190541662588,0.878853648427375
stated,133,Write an essay on Hume's A Treatise of Human Nature.,156,Create an infographic on the history of mathematics.,133,Write an essay on Hume's A Treatise of Human Nature.,1.757149263547951,0.852852265974822
stated,133,Write an essay on Hume's A Treatise of Human Nature.,157,Organize code repositories for an open-source project.,157,Organize code repositories for an open-source project.,0.7921922238069508,0.6883018496108919
stated,133,Write an essay on Hume's A Treatise of Human Nature.,158,Conduct sentiment analysis on customer reviews.,158,Conduct sentiment analysis on customer reviews.,0.8871561945953546,0.7083029625278278
stated,133,Write an essay on Hume's A Treatise of Human Nature.,159,Create a fully interactive AI-generated educational tool.,159,Create a fully interactive AI-generated educational tool.,7.184453790195601,0.9992422914810506
stated,133,Write an essay on Hume's A Treatise of Human Nature.,160,Review security vulnerabilities in a software application.,160,Review security vulnerabilities in a software application.,7.729344190689295,0.9995604608764298
stated,133,Write an essay on Hume's A Treatise of Human Nature.,161,Label images for use in computer vision training.,133,Write an essay on Hume's A Treatise of Human Nature.,0.3210396688706547,0.5795776065023356
stated,135,Debug a complex machine learning algorithm.,136,Generate realistic dialogue for a video game character.,135,Debug a complex machine learning algorithm.,2.3235292898302107,0.9108070675319307
stated,135,Debug a complex machine learning algorithm.,137,Summarize research papers on quantum computing.,137,Summarize research papers on quantum computing.,0.23239315120465953,0.5578382181217395
stated,135,Debug a complex machine learning algorithm.,138,Translate legal documents into another language.,135,Debug a complex machine learning algorithm.,2.6045830359963213,0.9311559542551625
stated,135,Debug a complex machine learning algorithm.,139,Analyze financial data for stock market trends.,135,Debug a complex machine learning algorithm.,0.6032098084281374,0.6463903160080962
stated,135,Debug a complex machine learning algorithm.,140,Create a detailed plan for a city-wide public transportation system.,140,Create a detailed plan for a city-wide public transportation system.,4.371173540814526,0.9875212835549759
stated,135,Debug a complex machine learning algorithm.,141,Moderate content for an online social media platform.,135,Debug a complex machine learning algorithm.,5.868534495554231,0.9971809561741249
stated,135,Debug a complex machine learning algorithm.,142,Write a poem in the style of Emily Dickinson.,135,Debug a complex machine learning algorithm.,4.043678424028868,0.9827692440790621
stated,135,Debug a complex machine learning algorithm.,143,Craft a marketing strategy for a small business.,143,Craft a marketing strategy for a small business.,0.03274137418488454,0.5081846124022243
stated,135,Debug a complex machine learning algorithm.,144,Evaluate student essays for grammar and content.,135,Debug a complex machine learning algorithm.,2.427415919588907,0.9188941555969322
stated,135,Debug a complex machine learning algorithm.,145,Develop a chatbot for customer service.,135,Debug a complex machine learning algorithm.,0.7274855016804871,0.6742532408808708
stated,135,Debug a complex machine learning algorithm.,146,Fact-check claims in a political speech.,146,Fact-check claims in a political speech.,1.0789995778001282,0.7463046160422653
stated,135,Debug a complex machine learning algorithm.,147,Compose an orchestral piece for a movie soundtrack.,135,Debug a complex machine learning algorithm.,0.3210504543931707,0.5795802345803581
stated,135,Debug a complex machine learning algorithm.,149,Generate synthetic datasets for training AI models.,135,Debug a complex machine learning algorithm.,0.820462594522195,0.6943345272612743
stated,135,Debug a complex machine learning algorithm.,150,Produce a detailed report on global climate change impacts.,150,Produce a detailed report on global climate change impacts.,4.454052123106983,0.9885023928456482
stated,135,Debug a complex machine learning algorithm.,151,Help an author edit and refine their novel.,151,Help an author edit and refine their novel.,1.4698827913950008,0.8130395702477801
stated,135,Debug a complex machine learning algorithm.,152,Identify phishing scams in email correspondence.,152,Identify phishing scams in email correspondence.,1.8653478983135003,0.8659190722804024
stated,135,Debug a complex machine learning algorithm.,153,Brainstorm innovative uses for AI in healthcare.,153,Brainstorm innovative uses for AI in healthcare.,8.520647774757903,0.9998007294412967
stated,135,Debug a complex machine learning algorithm.,154,Transcribe ancient handwritten manuscripts into digital text.,154,Transcribe ancient handwritten manuscripts into digital text.,0.6537563876633832,0.6578564560935658
stated,135,Debug a complex machine learning algorithm.,155,Rank the emotional content of user-submitted poems.,135,Debug a complex machine learning algorithm.,4.374219500769548,0.9875587632284764
stated,135,Debug a complex machine learning algorithm.,156,Create an infographic on the history of mathematics.,135,Debug a complex machine learning algorithm.,4.14974971015124,0.9844764188058343
stated,135,Debug a complex machine learning algorithm.,157,Organize code repositories for an open-source project.,135,Debug a complex machine learning algorithm.,1.600408222796338,0.8320754321670911
stated,135,Debug a complex machine learning algorithm.,158,Conduct sentiment analysis on customer reviews.,135,Debug a complex machine learning algorithm.,1.5054442520079343,0.818385063593136
stated,135,Debug a complex machine learning algorithm.,159,Create a fully interactive AI-generated educational tool.,159,Create a fully interactive AI-generated educational tool.,4.791853343592312,0.9917712090107322
stated,135,Debug a complex machine learning algorithm.,160,Review security vulnerabilities in a software application.,160,Review security vulnerabilities in a software application.,5.3367437440860055,0.995211527052547
stated,135,Debug a complex machine learning algorithm.,161,Label images for use in computer vision training.,135,Debug a complex machine learning algorithm.,2.7136401154739436,0.9378267341374921
stated,136,Generate realistic dialogue for a video game character.,137,Summarize research papers on quantum computing.,137,Summarize research papers on quantum computing.,2.55592244103487,0.9279703833533804
stated,136,Generate realistic dialogue for a video game character.,138,Translate legal documents into another language.,136,Generate realistic dialogue for a video game character.,0.2810537461661107,0.5698045448959197
stated,136,Generate realistic dialogue for a video game character.,139,Analyze financial data for stock market trends.,139,Analyze financial data for stock market trends.,1.7203194814020732,0.8481699829882035
stated,136,Generate realistic dialogue for a video game character.,140,Create a detailed plan for a city-wide public transportation system.,140,Create a detailed plan for a city-wide public transportation system.,6.6947028306447365,0.9987640798371383
stated,136,Generate realistic dialogue for a video game character.,141,Moderate content for an online social media platform.,136,Generate realistic dialogue for a video game character.,3.5450052057240202,0.971941532851638
stated,136,Generate realistic dialogue for a video game character.,142,Write a poem in the style of Emily Dickinson.,136,Generate realistic dialogue for a video game character.,1.7201491341986572,0.8481480447723605
stated,136,Generate realistic dialogue for a video game character.,143,Craft a marketing strategy for a small business.,143,Craft a marketing strategy for a small business.,2.356270664015095,0.9134313644176801
stated,136,Generate realistic dialogue for a video game character.,144,Evaluate student essays for grammar and content.,136,Generate realistic dialogue for a video game character.,0.10388662975869645,0.5259483245093601
stated,136,Generate realistic dialogue for a video game character.,145,Develop a chatbot for customer service.,145,Develop a chatbot for customer service.,1.5960437881497236,0.8314647234321185
stated,136,Generate realistic dialogue for a video game character.,146,Fact-check claims in a political speech.,146,Fact-check claims in a political speech.,3.402528867630339,0.9677834752460748
stated,136,Generate realistic dialogue for a video game character.,147,Compose an orchestral piece for a movie soundtrack.,147,Compose an orchestral piece for a movie soundtrack.,2.00247883543704,0.881057094226907
stated,136,Generate realistic dialogue for a video game character.,149,Generate synthetic datasets for training AI models.,149,Generate synthetic datasets for training AI models.,1.5030666953080156,0.8180314175432222
stated,136,Generate realistic dialogue for a video game character.,150,Produce a detailed report on global climate change impacts.,150,Produce a detailed report on global climate change impacts.,6.777581412937193,0.9988622695009537
stated,136,Generate realistic dialogue for a video game character.,151,Help an author edit and refine their novel.,151,Help an author edit and refine their novel.,3.7934120812252115,0.9779772862519508
stated,136,Generate realistic dialogue for a video game character.,152,Identify phishing scams in email correspondence.,152,Identify phishing scams in email correspondence.,4.188877188143711,0.9850631904840991
stated,136,Generate realistic dialogue for a video game character.,153,Brainstorm innovative uses for AI in healthcare.,153,Brainstorm innovative uses for AI in healthcare.,10.844177064588113,0.9999804824516625
stated,136,Generate realistic dialogue for a video game character.,154,Transcribe ancient handwritten manuscripts into digital text.,154,Transcribe ancient handwritten manuscripts into digital text.,2.977285677493594,0.9515373562662942
stated,136,Generate realistic dialogue for a video game character.,155,Rank the emotional content of user-submitted poems.,136,Generate realistic dialogue for a video game character.,2.050690210939337,0.886017342118968
stated,136,Generate realistic dialogue for a video game character.,156,Create an infographic on the history of mathematics.,136,Generate realistic dialogue for a video game character.,1.8262204203210293,0.8613108554043072
stated,136,Generate realistic dialogue for a video game character.,157,Organize code repositories for an open-source project.,157,Organize code repositories for an open-source project.,0.7231210670338726,0.6732939266987564
stated,136,Generate realistic dialogue for a video game character.,158,Conduct sentiment analysis on customer reviews.,158,Conduct sentiment analysis on customer reviews.,0.8180850378222764,0.6938296956597737
stated,136,Generate realistic dialogue for a video game character.,159,Create a fully interactive AI-generated educational tool.,159,Create a fully interactive AI-generated educational tool.,7.115382633422522,0.9991881498776887
stated,136,Generate realistic dialogue for a video game character.,160,Review security vulnerabilities in a software application.,160,Review security vulnerabilities in a software application.,7.660273033916216,0.9995290431593998
stated,136,Generate realistic dialogue for a video game character.,161,Label images for use in computer vision training.,136,Generate realistic dialogue for a video game character.,0.3901108256437329,0.5963093780296025
stated,137,Summarize research papers on quantum computing.,138,Translate legal documents into another language.,137,Summarize research papers on quantum computing.,2.836976187200981,0.9446415477093258
stated,137,Summarize research papers on quantum computing.,139,Analyze financial data for stock market trends.,137,Summarize research papers on quantum computing.,0.835602959632797,0.6975383411271702
stated,137,Summarize research papers on quantum computing.,140,Create a detailed plan for a city-wide public transportation system.,140,Create a detailed plan for a city-wide public transportation system.,4.138780389609867,0.984307885110179
stated,137,Summarize research papers on quantum computing.,141,Moderate content for an online social media platform.,137,Summarize research papers on quantum computing.,6.10092764675889,0.9977642218099093
stated,137,Summarize research papers on quantum computing.,142,Write a poem in the style of Emily Dickinson.,137,Summarize research papers on quantum computing.,4.276071575233527,0.986293334672287
stated,137,Summarize research papers on quantum computing.,143,Craft a marketing strategy for a small business.,137,Summarize research papers on quantum computing.,0.199651777019775,0.5497478048590169
stated,137,Summarize research papers on quantum computing.,144,Evaluate student essays for grammar and content.,137,Summarize research papers on quantum computing.,2.6598090707935667,0.9346129995646424
stated,137,Summarize research papers on quantum computing.,145,Develop a chatbot for customer service.,137,Summarize research papers on quantum computing.,0.9598786528851466,0.7230975087525447
stated,137,Summarize research papers on quantum computing.,146,Fact-check claims in a political speech.,146,Fact-check claims in a political speech.,0.8466064265954687,0.6998547788273561
stated,137,Summarize research papers on quantum computing.,147,Compose an orchestral piece for a movie soundtrack.,137,Summarize research papers on quantum computing.,0.5534436055978302,0.6349341641716095
stated,137,Summarize research papers on quantum computing.,149,Generate synthetic datasets for training AI models.,137,Summarize research papers on quantum computing.,1.0528557457268546,0.7413229035702011
stated,137,Summarize research papers on quantum computing.,150,Produce a detailed report on global climate change impacts.,150,Produce a detailed report on global climate change impacts.,4.221658971902324,0.9855379402333807
stated,137,Summarize research papers on quantum computing.,151,Help an author edit and refine their novel.,151,Help an author edit and refine their novel.,1.2374896401903412,0.7751267475530549
stated,137,Summarize research papers on quantum computing.,152,Identify phishing scams in email correspondence.,152,Identify phishing scams in email correspondence.,1.6329547471088408,0.8365740075539602
stated,137,Summarize research papers on quantum computing.,153,Brainstorm innovative uses for AI in healthcare.,153,Brainstorm innovative uses for AI in healthcare.,8.288254623553243,0.9997486102526613
stated,137,Summarize research papers on quantum computing.,154,Transcribe ancient handwritten manuscripts into digital text.,154,Transcribe ancient handwritten manuscripts into digital text.,0.42136323645872364,0.6038094143127608
stated,137,Summarize research papers on quantum computing.,155,Rank the emotional content of user-submitted poems.,137,Summarize research papers on quantum computing.,4.606612651974207,0.9901131403460814
stated,137,Summarize research papers on quantum computing.,156,Create an infographic on the history of mathematics.,137,Summarize research papers on quantum computing.,4.3821428613558995,0.9876557380898608
stated,137,Summarize research papers on quantum computing.,157,Organize code repositories for an open-source project.,137,Summarize research papers on quantum computing.,1.8328013740009976,0.8620951120979016
stated,137,Summarize research papers on quantum computing.,158,Conduct sentiment analysis on customer reviews.,137,Summarize research papers on quantum computing.,1.7378374032125938,0.8504121671172173
stated,137,Summarize research papers on quantum computing.,159,Create a fully interactive AI-generated educational tool.,159,Create a fully interactive AI-generated educational tool.,4.559460192387652,0.9896407298476654
stated,137,Summarize research papers on quantum computing.,160,Review security vulnerabilities in a software application.,160,Review security vulnerabilities in a software application.,5.104350592881346,0.9939663462477065
stated,137,Summarize research papers on quantum computing.,161,Label images for use in computer vision training.,137,Summarize research papers on quantum computing.,2.946033266678603,0.9500756743497971
stated,138,Translate legal documents into another language.,139,Analyze financial data for stock market trends.,139,Analyze financial data for stock market trends.,2.001373227568184,0.880941182685811
stated,138,Translate legal documents into another language.,140,Create a detailed plan for a city-wide public transportation system.,140,Create a detailed plan for a city-wide public transportation system.,6.975756576810848,0.9990666127646008
stated,138,Translate legal documents into another language.,141,Moderate content for an online social media platform.,138,Translate legal documents into another language.,3.2639514595579096,0.9631712153799471
stated,138,Translate legal documents into another language.,142,Write a poem in the style of Emily Dickinson.,138,Translate legal documents into another language.,1.4390953880325466,0.8083145280044155
stated,138,Translate legal documents into another language.,143,Craft a marketing strategy for a small business.,143,Craft a marketing strategy for a small business.,2.637324410181206,0.9332254262313489
stated,138,Translate legal documents into another language.,144,Evaluate student essays for grammar and content.,144,Evaluate student essays for grammar and content.,0.17716711640741423,0.5441762883718572
stated,138,Translate legal documents into another language.,145,Develop a chatbot for customer service.,145,Develop a chatbot for customer service.,1.8770975343158343,0.867277387413078
stated,138,Translate legal documents into another language.,146,Fact-check claims in a political speech.,146,Fact-check claims in a political speech.,3.6835826137964496,0.9754833978459155
stated,138,Translate legal documents into another language.,147,Compose an orchestral piece for a movie soundtrack.,147,Compose an orchestral piece for a movie soundtrack.,2.2835325816031506,0.9075040006799582
stated,138,Translate legal documents into another language.,149,Generate synthetic datasets for training AI models.,149,Generate synthetic datasets for training AI models.,1.7841204414741263,0.8562049116247826
stated,138,Translate legal documents into another language.,150,Produce a detailed report on global climate change impacts.,150,Produce a detailed report on global climate change impacts.,7.0586351591033045,0.9991407878906398
stated,138,Translate legal documents into another language.,151,Help an author edit and refine their novel.,151,Help an author edit and refine their novel.,4.074465827391322,0.9832829181440793
stated,138,Translate legal documents into another language.,152,Identify phishing scams in email correspondence.,152,Identify phishing scams in email correspondence.,4.469930934309822,0.9886814692508006
stated,138,Translate legal documents into another language.,153,Brainstorm innovative uses for AI in healthcare.,153,Brainstorm innovative uses for AI in healthcare.,11.125230810754225,0.9999852644194984
stated,138,Translate legal documents into another language.,154,Transcribe ancient handwritten manuscripts into digital text.,154,Transcribe ancient handwritten manuscripts into digital text.,3.2583394236597045,0.9629716245768677
stated,138,Translate legal documents into another language.,155,Rank the emotional content of user-submitted poems.,138,Translate legal documents into another language.,1.7696364647732263,0.8544124560838837
stated,138,Translate legal documents into another language.,156,Create an infographic on the history of mathematics.,138,Translate legal documents into another language.,1.5451666741549186,0.8242145527882588
stated,138,Translate legal documents into another language.,157,Organize code repositories for an open-source project.,157,Organize code repositories for an open-source project.,1.0041748131999833,0.731878604514532
stated,138,Translate legal documents into another language.,158,Conduct sentiment analysis on customer reviews.,158,Conduct sentiment analysis on customer reviews.,1.099138783988387,0.7500987048783577
stated,138,Translate legal documents into another language.,159,Create a fully interactive AI-generated educational tool.,159,Create a fully interactive AI-generated educational tool.,7.396436379588633,0.9993869411518763
stated,138,Translate legal documents into another language.,160,Review security vulnerabilities in a software application.,160,Review security vulnerabilities in a software application.,7.941326780082327,0.9996443923177777
stated,138,Translate legal documents into another language.,161,Label images for use in computer vision training.,138,Translate legal documents into another language.,0.10905707947762222,0.5272372797913438
stated,139,Analyze financial data for stock market trends.,140,Create a detailed plan for a city-wide public transportation system.,140,Create a detailed plan for a city-wide public transportation system.,4.974383349242664,0.9931346780662097
stated,139,Analyze financial data for stock market trends.,141,Moderate content for an online social media platform.,139,Analyze financial data for stock market trends.,5.2653246871260935,0.9948588531157709
stated,139,Analyze financial data for stock market trends.,142,Write a poem in the style of Emily Dickinson.,139,Analyze financial data for stock market trends.,3.4404686156007305,0.9689456195856239
stated,139,Analyze financial data for stock market trends.,143,Craft a marketing strategy for a small business.,143,Craft a marketing strategy for a small business.,0.635951182613022,0.6538376473348873
stated,139,Analyze financial data for stock market trends.,144,Evaluate student essays for grammar and content.,139,Analyze financial data for stock market trends.,1.8242061111607697,0.8610700620136488
stated,139,Analyze financial data for stock market trends.,145,Develop a chatbot for customer service.,139,Analyze financial data for stock market trends.,0.12427569325234966,0.5310289981101878
stated,139,Analyze financial data for stock market trends.,146,Fact-check claims in a political speech.,146,Fact-check claims in a political speech.,1.6822093862282657,0.8431968686711193
stated,139,Analyze financial data for stock market trends.,147,Compose an orchestral piece for a movie soundtrack.,147,Compose an orchestral piece for a movie soundtrack.,0.2821593540349667,0.5700755386539355
stated,139,Analyze financial data for stock market trends.,149,Generate synthetic datasets for training AI models.,139,Analyze financial data for stock market trends.,0.21725278609405763,0.554100573667848
stated,139,Analyze financial data for stock market trends.,150,Produce a detailed report on global climate change impacts.,150,Produce a detailed report on global climate change impacts.,5.057261931535121,0.993677273346078
stated,139,Analyze financial data for stock market trends.,151,Help an author edit and refine their novel.,151,Help an author edit and refine their novel.,2.073092599823138,0.8882602829658508
stated,139,Analyze financial data for stock market trends.,152,Identify phishing scams in email correspondence.,152,Identify phishing scams in email correspondence.,2.4685577067416378,0.9219079920853445
stated,139,Analyze financial data for stock market trends.,153,Brainstorm innovative uses for AI in healthcare.,153,Brainstorm innovative uses for AI in healthcare.,9.123857583186041,0.9998909786267945
stated,139,Analyze financial data for stock market trends.,154,Transcribe ancient handwritten manuscripts into digital text.,154,Transcribe ancient handwritten manuscripts into digital text.,1.2569661960915206,0.7785034132661968
stated,139,Analyze financial data for stock market trends.,155,Rank the emotional content of user-submitted poems.,139,Analyze financial data for stock market trends.,3.7710096923414103,0.9774895882184664
stated,139,Analyze financial data for stock market trends.,156,Create an infographic on the history of mathematics.,139,Analyze financial data for stock market trends.,3.5465399017231025,0.9719833555373336
stated,139,Analyze financial data for stock market trends.,157,Organize code repositories for an open-source project.,139,Analyze financial data for stock market trends.,0.9971984143682007,0.730507397026704
stated,139,Analyze financial data for stock market trends.,158,Conduct sentiment analysis on customer reviews.,139,Analyze financial data for stock market trends.,0.9022344435797969,0.7114084649423609
stated,139,Analyze financial data for stock market trends.,159,Create a fully interactive AI-generated educational tool.,159,Create a fully interactive AI-generated educational tool.,5.395063152020449,0.9954815750844196
stated,139,Analyze financial data for stock market trends.,160,Review security vulnerabilities in a software application.,160,Review security vulnerabilities in a software application.,5.939953552514143,0.9973747581303759
stated,139,Analyze financial data for stock market trends.,161,Label images for use in computer vision training.,139,Analyze financial data for stock market trends.,2.110430307045806,0.8919128237005802
stated,140,Create a detailed plan for a city-wide public transportation system.,141,Moderate content for an online social media platform.,140,Create a detailed plan for a city-wide public transportation system.,10.239708036368757,0.9999642779980897
stated,140,Create a detailed plan for a city-wide public transportation system.,142,Write a poem in the style of Emily Dickinson.,140,Create a detailed plan for a city-wide public transportation system.,8.414851964843393,0.9997784967935663
stated,140,Create a detailed plan for a city-wide public transportation system.,143,Craft a marketing strategy for a small business.,140,Create a detailed plan for a city-wide public transportation system.,4.338432166629642,0.9871113041486635
stated,140,Create a detailed plan for a city-wide public transportation system.,144,Evaluate student essays for grammar and content.,140,Create a detailed plan for a city-wide public transportation system.,6.798589460403433,0.9988858953333006
stated,140,Create a detailed plan for a city-wide public transportation system.,145,Develop a chatbot for customer service.,140,Create a detailed plan for a city-wide public transportation system.,5.098659042495013,0.9939321164617325
stated,140,Create a detailed plan for a city-wide public transportation system.,146,Fact-check claims in a political speech.,140,Create a detailed plan for a city-wide public transportation system.,3.292173963014398,0.9641593536400576
stated,140,Create a detailed plan for a city-wide public transportation system.,147,Compose an orchestral piece for a movie soundtrack.,140,Create a detailed plan for a city-wide public transportation system.,4.692223995207697,0.9909169797730605
stated,140,Create a detailed plan for a city-wide public transportation system.,149,Generate synthetic datasets for training AI models.,140,Create a detailed plan for a city-wide public transportation system.,5.191636135336721,0.9944678769232351
stated,140,Create a detailed plan for a city-wide public transportation system.,150,Produce a detailed report on global climate change impacts.,150,Produce a detailed report on global climate change impacts.,0.08287858229245693,0.520707793686249
stated,140,Create a detailed plan for a city-wide public transportation system.,151,Help an author edit and refine their novel.,140,Create a detailed plan for a city-wide public transportation system.,2.9012907494195255,0.9479102064007112
stated,140,Create a detailed plan for a city-wide public transportation system.,152,Identify phishing scams in email correspondence.,140,Create a detailed plan for a city-wide public transportation system.,2.505825642501026,0.924549211394284
stated,140,Create a detailed plan for a city-wide public transportation system.,153,Brainstorm innovative uses for AI in healthcare.,153,Brainstorm innovative uses for AI in healthcare.,4.149474233943376,0.9844722082513231
stated,140,Create a detailed plan for a city-wide public transportation system.,154,Transcribe ancient handwritten manuscripts into digital text.,140,Create a detailed plan for a city-wide public transportation system.,3.717417153151143,0.9762796826671697
stated,140,Create a detailed plan for a city-wide public transportation system.,155,Rank the emotional content of user-submitted poems.,140,Create a detailed plan for a city-wide public transportation system.,8.745393041584073,0.9998408323043552
stated,140,Create a detailed plan for a city-wide public transportation system.,156,Create an infographic on the history of mathematics.,140,Create a detailed plan for a city-wide public transportation system.,8.520923250965765,0.9998007843171
stated,140,Create a detailed plan for a city-wide public transportation system.,157,Organize code repositories for an open-source project.,140,Create a detailed plan for a city-wide public transportation system.,5.971581763610864,0.9974562825928363
stated,140,Create a detailed plan for a city-wide public transportation system.,158,Conduct sentiment analysis on customer reviews.,140,Create a detailed plan for a city-wide public transportation system.,5.8766177928224606,0.9972035880278385
stated,140,Create a detailed plan for a city-wide public transportation system.,159,Create a fully interactive AI-generated educational tool.,159,Create a fully interactive AI-generated educational tool.,0.4206798027777854,0.6036459092496815
stated,140,Create a detailed plan for a city-wide public transportation system.,160,Review security vulnerabilities in a software application.,160,Review security vulnerabilities in a software application.,0.9655702032714792,0.7242356653961647
stated,140,Create a detailed plan for a city-wide public transportation system.,161,Label images for use in computer vision training.,140,Create a detailed plan for a city-wide public transportation system.,7.084813656288469,0.99916297032698
stated,141,Moderate content for an online social media platform.,142,Write a poem in the style of Emily Dickinson.,142,Write a poem in the style of Emily Dickinson.,1.824856071525363,0.8611477974930402
stated,141,Moderate content for an online social media platform.,143,Craft a marketing strategy for a small business.,143,Craft a marketing strategy for a small business.,5.901275869739115,0.9972715131359774
stated,141,Moderate content for an online social media platform.,144,Evaluate student essays for grammar and content.,144,Evaluate student essays for grammar and content.,3.441118575965324,0.9689651709369473
stated,141,Moderate content for an online social media platform.,145,Develop a chatbot for customer service.,145,Develop a chatbot for customer service.,5.141048993873744,0.9941824931674993
stated,141,Moderate content for an online social media platform.,146,Fact-check claims in a political speech.,146,Fact-check claims in a political speech.,6.947534073354359,0.9990399206434849
stated,141,Moderate content for an online social media platform.,147,Compose an orchestral piece for a movie soundtrack.,147,Compose an orchestral piece for a movie soundtrack.,5.54748404116106,0.9961178793555026
stated,141,Moderate content for an online social media platform.,149,Generate synthetic datasets for training AI models.,149,Generate synthetic datasets for training AI models.,5.048071901032036,0.9936192719450686
stated,141,Moderate content for an online social media platform.,150,Produce a detailed report on global climate change impacts.,150,Produce a detailed report on global climate change impacts.,10.322586618661214,0.9999671191290728
stated,141,Moderate content for an online social media platform.,151,Help an author edit and refine their novel.,151,Help an author edit and refine their novel.,7.338417286949232,0.9993503437326008
stated,141,Moderate content for an online social media platform.,152,Identify phishing scams in email correspondence.,152,Identify phishing scams in email correspondence.,7.733882393867731,0.9995624502040881
stated,141,Moderate content for an online social media platform.,153,Brainstorm innovative uses for AI in healthcare.,153,Brainstorm innovative uses for AI in healthcare.,14.389182270312133,0.9999994365475182
stated,141,Moderate content for an online social media platform.,154,Transcribe ancient handwritten manuscripts into digital text.,154,Transcribe ancient handwritten manuscripts into digital text.,6.5222908832176145,0.9985318616367731
stated,141,Moderate content for an online social media platform.,155,Rank the emotional content of user-submitted poems.,155,Rank the emotional content of user-submitted poems.,1.4943149947846832,0.8167250465525858
stated,141,Moderate content for an online social media platform.,156,Create an infographic on the history of mathematics.,156,Create an infographic on the history of mathematics.,1.718784785402991,0.8479722428034031
stated,141,Moderate content for an online social media platform.,157,Organize code repositories for an open-source project.,157,Organize code repositories for an open-source project.,4.268126272757893,0.9861855077266843
stated,141,Moderate content for an online social media platform.,158,Conduct sentiment analysis on customer reviews.,158,Conduct sentiment analysis on customer reviews.,4.363090243546297,0.9874212795490384
stated,141,Moderate content for an online social media platform.,159,Create a fully interactive AI-generated educational tool.,159,Create a fully interactive AI-generated educational tool.,10.660387839146543,0.9999765446347699
stated,141,Moderate content for an online social media platform.,160,Review security vulnerabilities in a software application.,160,Review security vulnerabilities in a software application.,11.205278239640236,0.9999863979744902
stated,141,Moderate content for an online social media platform.,161,Label images for use in computer vision training.,161,Label images for use in computer vision training.,3.1548943800802873,0.9591011414330262
stated,142,Write a poem in the style of Emily Dickinson.,143,Craft a marketing strategy for a small business.,143,Craft a marketing strategy for a small business.,4.076419798213752,0.9833150064640875
stated,142,Write a poem in the style of Emily Dickinson.,144,Evaluate student essays for grammar and content.,144,Evaluate student essays for grammar and content.,1.6162625044399608,0.8342790383134125
stated,142,Write a poem in the style of Emily Dickinson.,145,Develop a chatbot for customer service.,145,Develop a chatbot for customer service.,3.316192922348381,0.9649801646917368
stated,142,Write a poem in the style of Emily Dickinson.,146,Fact-check claims in a political speech.,146,Fact-check claims in a political speech.,5.122678001828996,0.9940752711193583
stated,142,Write a poem in the style of Emily Dickinson.,147,Compose an orchestral piece for a movie soundtrack.,147,Compose an orchestral piece for a movie soundtrack.,3.722627969635697,0.9764000539932033
stated,142,Write a poem in the style of Emily Dickinson.,149,Generate synthetic datasets for training AI models.,149,Generate synthetic datasets for training AI models.,3.223215829506673,0.9616986435599014
stated,142,Write a poem in the style of Emily Dickinson.,150,Produce a detailed report on global climate change impacts.,150,Produce a detailed report on global climate change impacts.,8.497730547135852,0.9997961109239794
stated,142,Write a poem in the style of Emily Dickinson.,151,Help an author edit and refine their novel.,151,Help an author edit and refine their novel.,5.513561215423868,0.995984465576649
stated,142,Write a poem in the style of Emily Dickinson.,152,Identify phishing scams in email correspondence.,152,Identify phishing scams in email correspondence.,5.909026322342369,0.9972925213721907
stated,142,Write a poem in the style of Emily Dickinson.,153,Brainstorm innovative uses for AI in healthcare.,153,Brainstorm innovative uses for AI in healthcare.,12.56432619878677,0.9999965055329851
stated,142,Write a poem in the style of Emily Dickinson.,154,Transcribe ancient handwritten manuscripts into digital text.,154,Transcribe ancient handwritten manuscripts into digital text.,4.697434811692251,0.9909637600522144
stated,142,Write a poem in the style of Emily Dickinson.,155,Rank the emotional content of user-submitted poems.,142,Write a poem in the style of Emily Dickinson.,0.3305410767406798,0.5818910233207497
stated,142,Write a poem in the style of Emily Dickinson.,156,Create an infographic on the history of mathematics.,142,Write a poem in the style of Emily Dickinson.,0.10607128612237204,0.5264929865446673
stated,142,Write a poem in the style of Emily Dickinson.,157,Organize code repositories for an open-source project.,157,Organize code repositories for an open-source project.,2.44327020123253,0.9200679186686348
stated,142,Write a poem in the style of Emily Dickinson.,158,Conduct sentiment analysis on customer reviews.,158,Conduct sentiment analysis on customer reviews.,2.5382341720209336,0.9267790884482073
stated,142,Write a poem in the style of Emily Dickinson.,159,Create a fully interactive AI-generated educational tool.,159,Create a fully interactive AI-generated educational tool.,8.83553176762118,0.9998545498625955
stated,142,Write a poem in the style of Emily Dickinson.,160,Review security vulnerabilities in a software application.,160,Review security vulnerabilities in a software application.,9.380422168114873,0.9999156475348493
stated,142,Write a poem in the style of Emily Dickinson.,161,Label images for use in computer vision training.,161,Label images for use in computer vision training.,1.3300383085549243,0.7908469714004936
stated,143,Craft a marketing strategy for a small business.,144,Evaluate student essays for grammar and content.,143,Craft a marketing strategy for a small business.,2.4601572937737917,0.9213010682347992
stated,143,Craft a marketing strategy for a small business.,145,Develop a chatbot for customer service.,143,Craft a marketing strategy for a small business.,0.7602268758653716,0.6814029889681248
stated,143,Craft a marketing strategy for a small business.,146,Fact-check claims in a political speech.,146,Fact-check claims in a political speech.,1.0462582036152437,0.7400557244843119
stated,143,Craft a marketing strategy for a small business.,147,Compose an orchestral piece for a movie soundtrack.,143,Craft a marketing strategy for a small business.,0.35379182857805525,0.5875367844655607
stated,143,Craft a marketing strategy for a small business.,149,Generate synthetic datasets for training AI models.,143,Craft a marketing strategy for a small business.,0.8532039687070796,0.7012388158300369
stated,143,Craft a marketing strategy for a small business.,150,Produce a detailed report on global climate change impacts.,150,Produce a detailed report on global climate change impacts.,4.421310748922099,0.9881242594557487
stated,143,Craft a marketing strategy for a small business.,151,Help an author edit and refine their novel.,151,Help an author edit and refine their novel.,1.4371414172101162,0.8080115931576359
stated,143,Craft a marketing strategy for a small business.,152,Identify phishing scams in email correspondence.,152,Identify phishing scams in email correspondence.,1.8326065241286158,0.8620719453213933
stated,143,Craft a marketing strategy for a small business.,153,Brainstorm innovative uses for AI in healthcare.,153,Brainstorm innovative uses for AI in healthcare.,8.487906400573017,0.999794098430915
stated,143,Craft a marketing strategy for a small business.,154,Transcribe ancient handwritten manuscripts into digital text.,154,Transcribe ancient handwritten manuscripts into digital text.,0.6210150134784986,0.6504493623299017
stated,143,Craft a marketing strategy for a small business.,155,Rank the emotional content of user-submitted poems.,143,Craft a marketing strategy for a small business.,4.406960874954432,0.9879546829924101
stated,143,Craft a marketing strategy for a small business.,156,Create an infographic on the history of mathematics.,143,Craft a marketing strategy for a small business.,4.1824910843361245,0.9849689356110141
stated,143,Craft a marketing strategy for a small business.,157,Organize code repositories for an open-source project.,143,Craft a marketing strategy for a small business.,1.6331495969812226,0.8366006452795987
stated,143,Craft a marketing strategy for a small business.,158,Conduct sentiment analysis on customer reviews.,143,Craft a marketing strategy for a small business.,1.5381856261928188,0.8232008138500798
stated,143,Craft a marketing strategy for a small business.,159,Create a fully interactive AI-generated educational tool.,159,Create a fully interactive AI-generated educational tool.,4.759111969407427,0.9914996560140099
stated,143,Craft a marketing strategy for a small business.,160,Review security vulnerabilities in a software application.,160,Review security vulnerabilities in a software application.,5.304002369901121,0.9950529394529163
stated,143,Craft a marketing strategy for a small business.,161,Label images for use in computer vision training.,143,Craft a marketing strategy for a small business.,2.746381489658828,0.9397086643493657
stated,144,Evaluate student essays for grammar and content.,145,Develop a chatbot for customer service.,145,Develop a chatbot for customer service.,1.69993041790842,0.8455256468769187
stated,144,Evaluate student essays for grammar and content.,146,Fact-check claims in a political speech.,146,Fact-check claims in a political speech.,3.5064154973890354,0.9708697593699801
stated,144,Evaluate student essays for grammar and content.,147,Compose an orchestral piece for a movie soundtrack.,147,Compose an orchestral piece for a movie soundtrack.,2.1063654651957364,0.891520330584346
stated,144,Evaluate student essays for grammar and content.,149,Generate synthetic datasets for training AI models.,149,Generate synthetic datasets for training AI models.,1.606953325066712,0.8329879659003434
stated,144,Evaluate student essays for grammar and content.,150,Produce a detailed report on global climate change impacts.,150,Produce a detailed report on global climate change impacts.,6.88146804269589,0.9989744171069279
stated,144,Evaluate student essays for grammar and content.,151,Help an author edit and refine their novel.,151,Help an author edit and refine their novel.,3.897298710983908,0.9801070950033532
stated,144,Evaluate student essays for grammar and content.,152,Identify phishing scams in email correspondence.,152,Identify phishing scams in email correspondence.,4.292763817902408,0.9865171714860812
stated,144,Evaluate student essays for grammar and content.,153,Brainstorm innovative uses for AI in healthcare.,153,Brainstorm innovative uses for AI in healthcare.,10.94806369434681,0.9999824082635531
stated,144,Evaluate student essays for grammar and content.,154,Transcribe ancient handwritten manuscripts into digital text.,154,Transcribe ancient handwritten manuscripts into digital text.,3.0811723072522903,0.9561094058644288
stated,144,Evaluate student essays for grammar and content.,155,Rank the emotional content of user-submitted poems.,144,Evaluate student essays for grammar and content.,1.9468035811806406,0.8750976864036456
stated,144,Evaluate student essays for grammar and content.,156,Create an infographic on the history of mathematics.,144,Evaluate student essays for grammar and content.,1.7223337905623328,0.848429199132685
stated,144,Evaluate student essays for grammar and content.,157,Organize code repositories for an open-source project.,157,Organize code repositories for an open-source project.,0.827007696792569,0.6957218515505768
stated,144,Evaluate student essays for grammar and content.,158,Conduct sentiment analysis on customer reviews.,158,Conduct sentiment analysis on customer reviews.,0.9219716675809728,0.7154436761682998
stated,144,Evaluate student essays for grammar and content.,159,Create a fully interactive AI-generated educational tool.,159,Create a fully interactive AI-generated educational tool.,7.219269263181219,0.9992681985562619
stated,144,Evaluate student essays for grammar and content.,160,Review security vulnerabilities in a software application.,160,Review security vulnerabilities in a software application.,7.764159663674913,0.9995754939328572
stated,144,Evaluate student essays for grammar and content.,161,Label images for use in computer vision training.,144,Evaluate student essays for grammar and content.,0.28622419588503645,0.5710715033129313
stated,145,Develop a chatbot for customer service.,146,Fact-check claims in a political speech.,146,Fact-check claims in a political speech.,1.8064850794806153,0.858936527504866
stated,145,Develop a chatbot for customer service.,147,Compose an orchestral piece for a movie soundtrack.,147,Compose an orchestral piece for a movie soundtrack.,0.4064350472873164,0.6002327628081715
stated,145,Develop a chatbot for customer service.,149,Generate synthetic datasets for training AI models.,145,Develop a chatbot for customer service.,0.09297709284170796,0.523227542615643
stated,145,Develop a chatbot for customer service.,150,Produce a detailed report on global climate change impacts.,150,Produce a detailed report on global climate change impacts.,5.18153762478747,0.9944120414449371
stated,145,Develop a chatbot for customer service.,151,Help an author edit and refine their novel.,151,Help an author edit and refine their novel.,2.197368293075488,0.9000129336730031
stated,145,Develop a chatbot for customer service.,152,Identify phishing scams in email correspondence.,152,Identify phishing scams in email correspondence.,2.5928333999939874,0.9303989228520582
stated,145,Develop a chatbot for customer service.,153,Brainstorm innovative uses for AI in healthcare.,153,Brainstorm innovative uses for AI in healthcare.,9.24813327643839,0.9999037180375997
stated,145,Develop a chatbot for customer service.,154,Transcribe ancient handwritten manuscripts into digital text.,154,Transcribe ancient handwritten manuscripts into digital text.,1.3812418893438703,0.7991903790620525
stated,145,Develop a chatbot for customer service.,155,Rank the emotional content of user-submitted poems.,145,Develop a chatbot for customer service.,3.6467339990890606,0.9745865309473071
stated,145,Develop a chatbot for customer service.,156,Create an infographic on the history of mathematics.,145,Develop a chatbot for customer service.,3.422264208470753,0.9683931477413936
stated,145,Develop a chatbot for customer service.,157,Organize code repositories for an open-source project.,145,Develop a chatbot for customer service.,0.872922721115851,0.7053534913221736
stated,145,Develop a chatbot for customer service.,158,Conduct sentiment analysis on customer reviews.,145,Develop a chatbot for customer service.,0.7779587503274472,0.6852400112441439
stated,145,Develop a chatbot for customer service.,159,Create a fully interactive AI-generated educational tool.,159,Create a fully interactive AI-generated educational tool.,5.519338845272799,0.9960075065959269
stated,145,Develop a chatbot for customer service.,160,Review security vulnerabilities in a software application.,160,Review security vulnerabilities in a software application.,6.064229245766493,0.9976808420161148
stated,145,Develop a chatbot for customer service.,161,Label images for use in computer vision training.,145,Develop a chatbot for customer service.,1.9861546137934565,0.879335719890406
stated,146,Fact-check claims in a political speech.,147,Compose an orchestral piece for a movie soundtrack.,146,Fact-check claims in a political speech.,1.400050032193299,0.8021918277920125
stated,146,Fact-check claims in a political speech.,149,Generate synthetic datasets for training AI models.,146,Fact-check claims in a political speech.,1.8994621723223233,0.8698306420504192
stated,146,Fact-check claims in a political speech.,150,Produce a detailed report on global climate change impacts.,150,Produce a detailed report on global climate change impacts.,3.375052545306855,0.9669157025625419
stated,146,Fact-check claims in a political speech.,151,Help an author edit and refine their novel.,151,Help an author edit and refine their novel.,0.39088321359487255,0.5964952968963937
stated,146,Fact-check claims in a political speech.,152,Identify phishing scams in email correspondence.,152,Identify phishing scams in email correspondence.,0.7863483205133721,0.6870467068850729
stated,146,Fact-check claims in a political speech.,153,Brainstorm innovative uses for AI in healthcare.,153,Brainstorm innovative uses for AI in healthcare.,7.441648196957774,0.9994140255342684
stated,146,Fact-check claims in a political speech.,154,Transcribe ancient handwritten manuscripts into digital text.,146,Fact-check claims in a political speech.,0.42524319013674505,0.6047372159608844
stated,146,Fact-check claims in a political speech.,155,Rank the emotional content of user-submitted poems.,146,Fact-check claims in a political speech.,5.453219078569676,0.9957357647888962
stated,146,Fact-check claims in a political speech.,156,Create an infographic on the history of mathematics.,146,Fact-check claims in a political speech.,5.228749287951368,0.9946683536151513
stated,146,Fact-check claims in a political speech.,157,Organize code repositories for an open-source project.,146,Fact-check claims in a political speech.,2.6794078005964663,0.9358005546928709
stated,146,Fact-check claims in a political speech.,158,Conduct sentiment analysis on customer reviews.,146,Fact-check claims in a political speech.,2.5844438298080625,0.9298536757947832
stated,146,Fact-check claims in a political speech.,159,Create a fully interactive AI-generated educational tool.,159,Create a fully interactive AI-generated educational tool.,3.7128537657921834,0.976173775276073
stated,146,Fact-check claims in a political speech.,160,Review security vulnerabilities in a software application.,160,Review security vulnerabilities in a software application.,4.257744166285877,0.9860433492337705
stated,146,Fact-check claims in a political speech.,161,Label images for use in computer vision training.,146,Fact-check claims in a political speech.,3.792639693274072,0.9779606446383071
stated,147,Compose an orchestral piece for a movie soundtrack.,149,Generate synthetic datasets for training AI models.,147,Compose an orchestral piece for a movie soundtrack.,0.49941214012902435,0.6223211720079677
stated,147,Compose an orchestral piece for a movie soundtrack.,150,Produce a detailed report on global climate change impacts.,150,Produce a detailed report on global climate change impacts.,4.775102577500154,0.9916333724907535
stated,147,Compose an orchestral piece for a movie soundtrack.,151,Help an author edit and refine their novel.,151,Help an author edit and refine their novel.,1.7909332457881715,0.8570416570693881
stated,147,Compose an orchestral piece for a movie soundtrack.,152,Identify phishing scams in email correspondence.,152,Identify phishing scams in email correspondence.,2.186398352706671,0.8990214115742041
stated,147,Compose an orchestral piece for a movie soundtrack.,153,Brainstorm innovative uses for AI in healthcare.,153,Brainstorm innovative uses for AI in healthcare.,8.841698229151074,0.9998554438863038
stated,147,Compose an orchestral piece for a movie soundtrack.,154,Transcribe ancient handwritten manuscripts into digital text.,154,Transcribe ancient handwritten manuscripts into digital text.,0.9748068420565539,0.7260765658735971
stated,147,Compose an orchestral piece for a movie soundtrack.,155,Rank the emotional content of user-submitted poems.,147,Compose an orchestral piece for a movie soundtrack.,4.053169046376377,0.9829292227325795
stated,147,Compose an orchestral piece for a movie soundtrack.,156,Create an infographic on the history of mathematics.,147,Compose an orchestral piece for a movie soundtrack.,3.8286992557580692,0.9787246090777065
stated,147,Compose an orchestral piece for a movie soundtrack.,157,Organize code repositories for an open-source project.,147,Compose an orchestral piece for a movie soundtrack.,1.2793577684031674,0.7823404345660746
stated,147,Compose an orchestral piece for a movie soundtrack.,158,Conduct sentiment analysis on customer reviews.,147,Compose an orchestral piece for a movie soundtrack.,1.1843937976147636,0.7657369003898291
stated,147,Compose an orchestral piece for a movie soundtrack.,159,Create a fully interactive AI-generated educational tool.,159,Create a fully interactive AI-generated educational tool.,5.112903797985482,0.9940174258241544
stated,147,Compose an orchestral piece for a movie soundtrack.,160,Review security vulnerabilities in a software application.,160,Review security vulnerabilities in a software application.,5.657794198479176,0.9965219320597679
stated,147,Compose an orchestral piece for a movie soundtrack.,161,Label images for use in computer vision training.,147,Compose an orchestral piece for a movie soundtrack.,2.392589661080773,0.9162604798899624
stated,149,Generate synthetic datasets for training AI models.,150,Produce a detailed report on global climate change impacts.,150,Produce a detailed report on global climate change impacts.,5.274514717629178,0.9949056443820252
stated,149,Generate synthetic datasets for training AI models.,151,Help an author edit and refine their novel.,151,Help an author edit and refine their novel.,2.290345385917196,0.9080742853527111
stated,149,Generate synthetic datasets for training AI models.,152,Identify phishing scams in email correspondence.,152,Identify phishing scams in email correspondence.,2.6858104928356954,0.9361841432104344
stated,149,Generate synthetic datasets for training AI models.,153,Brainstorm innovative uses for AI in healthcare.,153,Brainstorm innovative uses for AI in healthcare.,9.341110369280099,0.9999122657419706
stated,149,Generate synthetic datasets for training AI models.,154,Transcribe ancient handwritten manuscripts into digital text.,154,Transcribe ancient handwritten manuscripts into digital text.,1.4742189821855782,0.8136978037343516
stated,149,Generate synthetic datasets for training AI models.,155,Rank the emotional content of user-submitted poems.,149,Generate synthetic datasets for training AI models.,3.5537569062473526,0.9721792189060307
stated,149,Generate synthetic datasets for training AI models.,156,Create an infographic on the history of mathematics.,149,Generate synthetic datasets for training AI models.,3.329287115629045,0.9654199785029259
stated,149,Generate synthetic datasets for training AI models.,157,Organize code repositories for an open-source project.,149,Generate synthetic datasets for training AI models.,0.779945628274143,0.6856683954681715
stated,149,Generate synthetic datasets for training AI models.,158,Conduct sentiment analysis on customer reviews.,149,Generate synthetic datasets for training AI models.,0.6849816574857392,0.6648496432550186
stated,149,Generate synthetic datasets for training AI models.,159,Create a fully interactive AI-generated educational tool.,159,Create a fully interactive AI-generated educational tool.,5.612315938114507,0.9963606925773059
stated,149,Generate synthetic datasets for training AI models.,160,Review security vulnerabilities in a software application.,160,Review security vulnerabilities in a software application.,6.1572063386082005,0.997886314686431
stated,149,Generate synthetic datasets for training AI models.,161,Label images for use in computer vision training.,149,Generate synthetic datasets for training AI models.,1.8931775209517485,0.8691174051393828
stated,150,Produce a detailed report on global climate change impacts.,151,Help an author edit and refine their novel.,150,Produce a detailed report on global climate change impacts.,2.9841693317119824,0.9518538043642476
stated,150,Produce a detailed report on global climate change impacts.,152,Identify phishing scams in email correspondence.,150,Produce a detailed report on global climate change impacts.,2.588704224793483,0.9301310551429368
stated,150,Produce a detailed report on global climate change impacts.,153,Brainstorm innovative uses for AI in healthcare.,153,Brainstorm innovative uses for AI in healthcare.,4.066595651650919,0.9831530579219623
stated,150,Produce a detailed report on global climate change impacts.,154,Transcribe ancient handwritten manuscripts into digital text.,150,Produce a detailed report on global climate change impacts.,3.8002957354436,0.9781250576411723
stated,150,Produce a detailed report on global climate change impacts.,155,Rank the emotional content of user-submitted poems.,150,Produce a detailed report on global climate change impacts.,8.828271623876532,0.9998534901863566
stated,150,Produce a detailed report on global climate change impacts.,156,Create an infographic on the history of mathematics.,150,Produce a detailed report on global climate change impacts.,8.603801833258224,0.9998166264490461
stated,150,Produce a detailed report on global climate change impacts.,157,Organize code repositories for an open-source project.,150,Produce a detailed report on global climate change impacts.,6.054460345903321,0.9976581286890761
stated,150,Produce a detailed report on global climate change impacts.,158,Conduct sentiment analysis on customer reviews.,150,Produce a detailed report on global climate change impacts.,5.9594963751149175,0.9974254338927848
stated,150,Produce a detailed report on global climate change impacts.,159,Create a fully interactive AI-generated educational tool.,159,Create a fully interactive AI-generated educational tool.,0.33780122048532846,0.583656314427491
stated,150,Produce a detailed report on global climate change impacts.,160,Review security vulnerabilities in a software application.,160,Review security vulnerabilities in a software application.,0.8826916209790223,0.707379680423549
stated,150,Produce a detailed report on global climate change impacts.,161,Label images for use in computer vision training.,150,Produce a detailed report on global climate change impacts.,7.167692238580926,0.9992294939426338
stated,151,Help an author edit and refine their novel.,152,Identify phishing scams in email correspondence.,152,Identify phishing scams in email correspondence.,0.39546510691849956,0.5975976173513728
stated,151,Help an author edit and refine their novel.,153,Brainstorm innovative uses for AI in healthcare.,153,Brainstorm innovative uses for AI in healthcare.,7.050764983362901,0.9991340049398332
stated,151,Help an author edit and refine their novel.,154,Transcribe ancient handwritten manuscripts into digital text.,151,Help an author edit and refine their novel.,0.8161264037316176,0.6934134650384316
stated,151,Help an author edit and refine their novel.,155,Rank the emotional content of user-submitted poems.,151,Help an author edit and refine their novel.,5.844102292164548,0.9971114338397108
stated,151,Help an author edit and refine their novel.,156,Create an infographic on the history of mathematics.,151,Help an author edit and refine their novel.,5.61963250154624,0.9963871267784506
stated,151,Help an author edit and refine their novel.,157,Organize code repositories for an open-source project.,151,Help an author edit and refine their novel.,3.070291014191339,0.9556505079887694
stated,151,Help an author edit and refine their novel.,158,Conduct sentiment analysis on customer reviews.,151,Help an author edit and refine their novel.,2.975327043402935,0.9514469558618052
stated,151,Help an author edit and refine their novel.,159,Create a fully interactive AI-generated educational tool.,159,Create a fully interactive AI-generated educational tool.,3.321970552197311,0.9651748870565595
stated,151,Help an author edit and refine their novel.,160,Review security vulnerabilities in a software application.,160,Review security vulnerabilities in a software application.,3.8668609526910047,0.9795048908849179
stated,151,Help an author edit and refine their novel.,161,Label images for use in computer vision training.,151,Help an author edit and refine their novel.,4.183522906868944,0.9849842042374852
stated,152,Identify phishing scams in email correspondence.,153,Brainstorm innovative uses for AI in healthcare.,153,Brainstorm innovative uses for AI in healthcare.,6.655299876444403,0.9987144726180022
stated,152,Identify phishing scams in email correspondence.,154,Transcribe ancient handwritten manuscripts into digital text.,152,Identify phishing scams in email correspondence.,1.2115915106501172,0.7705804273721956
stated,152,Identify phishing scams in email correspondence.,155,Rank the emotional content of user-submitted poems.,152,Identify phishing scams in email correspondence.,6.2395673990830485,0.9980530986044134
stated,152,Identify phishing scams in email correspondence.,156,Create an infographic on the history of mathematics.,152,Identify phishing scams in email correspondence.,6.015097608464741,0.9975643369083239
stated,152,Identify phishing scams in email correspondence.,157,Organize code repositories for an open-source project.,152,Identify phishing scams in email correspondence.,3.4657561211098384,0.9696975638014504
stated,152,Identify phishing scams in email correspondence.,158,Conduct sentiment analysis on customer reviews.,152,Identify phishing scams in email correspondence.,3.3707921503214346,0.96677914224591
stated,152,Identify phishing scams in email correspondence.,159,Create a fully interactive AI-generated educational tool.,159,Create a fully interactive AI-generated educational tool.,2.9265054452788113,0.949141249965266
stated,152,Identify phishing scams in email correspondence.,160,Review security vulnerabilities in a software application.,160,Review security vulnerabilities in a software application.,3.471395845772505,0.9698628443303482
stated,152,Identify phishing scams in email correspondence.,161,Label images for use in computer vision training.,152,Identify phishing scams in email correspondence.,4.578988013787444,0.989839025875051
stated,153,Brainstorm innovative uses for AI in healthcare.,154,Transcribe ancient handwritten manuscripts into digital text.,153,Brainstorm innovative uses for AI in healthcare.,7.866891387094519,0.9996169229972748
stated,153,Brainstorm innovative uses for AI in healthcare.,155,Rank the emotional content of user-submitted poems.,153,Brainstorm innovative uses for AI in healthcare.,12.89486727552745,0.999997489101213
stated,153,Brainstorm innovative uses for AI in healthcare.,156,Create an infographic on the history of mathematics.,153,Brainstorm innovative uses for AI in healthcare.,12.670397484909142,0.9999968572131747
stated,153,Brainstorm innovative uses for AI in healthcare.,157,Organize code repositories for an open-source project.,153,Brainstorm innovative uses for AI in healthcare.,10.12105599755424,0.9999597779908301
stated,153,Brainstorm innovative uses for AI in healthcare.,158,Conduct sentiment analysis on customer reviews.,153,Brainstorm innovative uses for AI in healthcare.,10.026092026765838,0.9999557712822258
stated,153,Brainstorm innovative uses for AI in healthcare.,159,Create a fully interactive AI-generated educational tool.,153,Brainstorm innovative uses for AI in healthcare.,3.728794431165591,0.9765417310416868
stated,153,Brainstorm innovative uses for AI in healthcare.,160,Review security vulnerabilities in a software application.,153,Brainstorm innovative uses for AI in healthcare.,3.183904030671897,0.960224044130051
stated,153,Brainstorm innovative uses for AI in healthcare.,161,Label images for use in computer vision training.,153,Brainstorm innovative uses for AI in healthcare.,11.234287890231846,0.9999867868908456
stated,154,Transcribe ancient handwritten manuscripts into digital text.,155,Rank the emotional content of user-submitted poems.,154,Transcribe ancient handwritten manuscripts into digital text.,5.02797588843293,0.9934905907783993
stated,154,Transcribe ancient handwritten manuscripts into digital text.,156,Create an infographic on the history of mathematics.,154,Transcribe ancient handwritten manuscripts into digital text.,4.803506097814623,0.9918657651239943
stated,154,Transcribe ancient handwritten manuscripts into digital text.,157,Organize code repositories for an open-source project.,154,Transcribe ancient handwritten manuscripts into digital text.,2.2541646104597213,0.9050091609596697
stated,154,Transcribe ancient handwritten manuscripts into digital text.,158,Conduct sentiment analysis on customer reviews.,154,Transcribe ancient handwritten manuscripts into digital text.,2.1592006396713175,0.8965254173088554
stated,154,Transcribe ancient handwritten manuscripts into digital text.,159,Create a fully interactive AI-generated educational tool.,159,Create a fully interactive AI-generated educational tool.,4.138096955928928,0.984297325385959
stated,154,Transcribe ancient handwritten manuscripts into digital text.,160,Review security vulnerabilities in a software application.,160,Review security vulnerabilities in a software application.,4.682987356422622,0.9908334671426176
stated,154,Transcribe ancient handwritten manuscripts into digital text.,161,Label images for use in computer vision training.,154,Transcribe ancient handwritten manuscripts into digital text.,3.3673965031373267,0.9666699104269081
stated,155,Rank the emotional content of user-submitted poems.,156,Create an infographic on the history of mathematics.,156,Create an infographic on the history of mathematics.,0.22446979061830774,0.5558829978764619
stated,155,Rank the emotional content of user-submitted poems.,157,Organize code repositories for an open-source project.,157,Organize code repositories for an open-source project.,2.7738112779732096,0.9412441188393451
stated,155,Rank the emotional content of user-submitted poems.,158,Conduct sentiment analysis on customer reviews.,158,Conduct sentiment analysis on customer reviews.,2.8687752487616134,0.9462811240375717
stated,155,Rank the emotional content of user-submitted poems.,159,Create a fully interactive AI-generated educational tool.,159,Create a fully interactive AI-generated educational tool.,9.16607284436186,0.9998954847291913
stated,155,Rank the emotional content of user-submitted poems.,160,Review security vulnerabilities in a software application.,160,Review security vulnerabilities in a software application.,9.710963244855552,0.9999393883754071
stated,155,Rank the emotional content of user-submitted poems.,161,Label images for use in computer vision training.,161,Label images for use in computer vision training.,1.6605793852956041,0.8403157633073525
stated,156,Create an infographic on the history of mathematics.,157,Organize code repositories for an open-source project.,157,Organize code repositories for an open-source project.,2.549341487354902,0.9275292627150992
stated,156,Create an infographic on the history of mathematics.,158,Conduct sentiment analysis on customer reviews.,158,Conduct sentiment analysis on customer reviews.,2.6443054581433056,0.9336591418548833
stated,156,Create an infographic on the history of mathematics.,159,Create a fully interactive AI-generated educational tool.,159,Create a fully interactive AI-generated educational tool.,8.941603053743552,0.9998691859719141
stated,156,Create an infographic on the history of mathematics.,160,Review security vulnerabilities in a software application.,160,Review security vulnerabilities in a software application.,9.486493454237245,0.999924136077886
stated,156,Create an infographic on the history of mathematics.,161,Label images for use in computer vision training.,161,Label images for use in computer vision training.,1.4361095946772964,0.8078514768330731
stated,157,Organize code repositories for an open-source project.,158,Conduct sentiment analysis on customer reviews.,158,Conduct sentiment analysis on customer reviews.,0.0949639707884038,0.5237231671081761
stated,157,Organize code repositories for an open-source project.,159,Create a fully interactive AI-generated educational tool.,159,Create a fully interactive AI-generated educational tool.,6.392261566388649,0.9983283341437588
stated,157,Organize code repositories for an open-source project.,160,Review security vulnerabilities in a software application.,160,Review security vulnerabilities in a software application.,6.937151966882343,0.9990299107951461
stated,157,Organize code repositories for an open-source project.,161,Label images for use in computer vision training.,157,Organize code repositories for an open-source project.,1.1132318926776055,0.7527311450425886
stated,158,Conduct sentiment analysis on customer reviews.,159,Create a fully interactive AI-generated educational tool.,159,Create a fully interactive AI-generated educational tool.,6.297297595600246,0.9981621101322541
stated,158,Conduct sentiment analysis on customer reviews.,160,Review security vulnerabilities in a software application.,160,Review security vulnerabilities in a software application.,6.84218799609394,0.9989333743279285
stated,158,Conduct sentiment analysis on customer reviews.,161,Label images for use in computer vision training.,158,Conduct sentiment analysis on customer reviews.,1.2081958634660093,0.7699795722144464
stated,159,Create a fully interactive AI-generated educational tool.,160,Review security vulnerabilities in a software application.,160,Review security vulnerabilities in a software application.,0.5448904004936939,0.6329493144032127
stated,159,Create a fully interactive AI-generated educational tool.,161,Label images for use in computer vision training.,159,Create a fully interactive AI-generated educational tool.,7.505493459066255,0.9994502480394047
stated,160,Review security vulnerabilities in a software application.,161,Label images for use in computer vision training.,160,Review security vulnerabilities in a software application.,8.050383859559949,0.9996811222597838
consequential_tokens,133,Write an essay on Hume's A Treatise of Human Nature.,135,Debug a complex machine learning algorithm.,133,Write an essay on Hume's A Treatise of Human Nature.,2.138657364523943,0.8946040836318347
consequential_tokens,133,Write an essay on Hume's A Treatise of Human Nature.,136,Generate realistic dialogue for a video game character.,133,Write an essay on Hume's A Treatise of Human Nature.,0.08937534479793419,0.5223289746126673
consequential_tokens,133,Write an essay on Hume's A Treatise of Human Nature.,137,Summarize research papers on quantum computing.,133,Write an essay on Hume's A Treatise of Human Nature.,1.0013994525977168,0.7313336387236287
consequential_tokens,133,Write an essay on Hume's A Treatise of Human Nature.,138,Translate legal documents into another language.,133,Write an essay on Hume's A Treatise of Human Nature.,3.1493295434335504,0.9588822958138434
consequential_tokens,133,Write an essay on Hume's A Treatise of Human Nature.,139,Analyze financial data for stock market trends.,133,Write an essay on Hume's A Treatise of Human Nature.,2.2805606672964673,0.9072542344387006
consequential_tokens,133,Write an essay on Hume's A Treatise of Human Nature.,140,Create a detailed plan for a city-wide public transportation system.,133,Write an essay on Hume's A Treatise of Human Nature.,0.7278905956631783,0.674342207743799
consequential_tokens,133,Write an essay on Hume's A Treatise of Human Nature.,141,Moderate content for an online social media platform.,133,Write an essay on Hume's A Treatise of Human Nature.,3.474322747747141,0.9699482769259532
consequential_tokens,133,Write an essay on Hume's A Treatise of Human Nature.,142,Write a poem in the style of Emily Dickinson.,142,Write a poem in the style of Emily Dickinson.,2.193046180594252,0.8996233152659615
consequential_tokens,133,Write an essay on Hume's A Treatise of Human Nature.,143,Craft a marketing strategy for a small business.,133,Write an essay on Hume's A Treatise of Human Nature.,0.5493106937781125,0.6339756519170855
consequential_tokens,133,Write an essay on Hume's A Treatise of Human Nature.,144,Evaluate student essays for grammar and content.,133,Write an essay on Hume's A Treatise of Human Nature.,2.6934666808589074,0.9366400252136212
consequential_tokens,133,Write an essay on Hume's A Treatise of Human Nature.,145,Develop a chatbot for customer service.,133,Write an essay on Hume's A Treatise of Human Nature.,1.196637348323359,0.76792604639124
consequential_tokens,133,Write an essay on Hume's A Treatise of Human Nature.,146,Fact-check claims in a political speech.,133,Write an essay on Hume's A Treatise of Human Nature.,0.6092271180253377,0.6477644771012184
consequential_tokens,133,Write an essay on Hume's A Treatise of Human Nature.,147,Compose an orchestral piece for a movie soundtrack.,133,Write an essay on Hume's A Treatise of Human Nature.,0.7730979206513711,0.6841906548672293
consequential_tokens,133,Write an essay on Hume's A Treatise of Human Nature.,149,Generate synthetic datasets for training AI models.,133,Write an essay on Hume's A Treatise of Human Nature.,2.30453458403149,0.9092518956118764
consequential_tokens,133,Write an essay on Hume's A Treatise of Human Nature.,150,Produce a detailed report on global climate change impacts.,150,Produce a detailed report on global climate change impacts.,0.13888548063942707,0.5346656653868604
consequential_tokens,133,Write an essay on Hume's A Treatise of Human Nature.,151,Help an author edit and refine their novel.,133,Write an essay on Hume's A Treatise of Human Nature.,0.48890538726325694,0.6198485356753084
consequential_tokens,133,Write an essay on Hume's A Treatise of Human Nature.,152,Identify phishing scams in email correspondence.,133,Write an essay on Hume's A Treatise of Human Nature.,0.3248142686891087,0.580497076167171
consequential_tokens,133,Write an essay on Hume's A Treatise of Human Nature.,153,Brainstorm innovative uses for AI in healthcare.,153,Brainstorm innovative uses for AI in healthcare.,2.645180213687238,0.9337133034440143
consequential_tokens,133,Write an essay on Hume's A Treatise of Human Nature.,154,Transcribe ancient handwritten manuscripts into digital text.,133,Write an essay on Hume's A Treatise of Human Nature.,0.15496267817149478,0.5386633305534181
consequential_tokens,133,Write an essay on Hume's A Treatise of Human Nature.,155,Rank the emotional content of user-submitted poems.,133,Write an essay on Hume's A Treatise of Human Nature.,1.0208780848763985,0.7351436044621126
consequential_tokens,133,Write an essay on Hume's A Treatise of Human Nature.,156,Create an infographic on the history of mathematics.,133,Write an essay on Hume's A Treatise of Human Nature.,1.3544349144681438,0.7948537366965482
consequential_tokens,133,Write an essay on Hume's A Treatise of Human Nature.,157,Organize code repositories for an open-source project.,133,Write an essay on Hume's A Treatise of Human Nature.,1.610807135268806,0.8335234163864378
consequential_tokens,133,Write an essay on Hume's A Treatise of Human Nature.,158,Conduct sentiment analysis on customer reviews.,133,Write an essay on Hume's A Treatise of Human Nature.,0.8454571866774656,0.6996133162784193
consequential_tokens,133,Write an essay on Hume's A Treatise of Human Nature.,159,Create a fully interactive AI-generated educational tool.,133,Write an essay on Hume's A Treatise of Human Nature.,0.8844929784212376,0.7077524106684207
consequential_tokens,133,Write an essay on Hume's A Treatise of Human Nature.,160,Review security vulnerabilities in a software application.,133,Write an essay on Hume's A Treatise of Human Nature.,1.0793481218446117,0.7463706016275726
consequential_tokens,133,Write an essay on Hume's A Treatise of Human Nature.,161,Label images for use in computer vision training.,133,Write an essay on Hume's A Treatise of Human Nature.,3.5957761224681177,0.9732934330111174
consequential_tokens,135,Debug a complex machine learning algorithm.,136,Generate realistic dialogue for a video game character.,136,Generate realistic dialogue for a video game character.,2.049282019726009,0.885875050702967
consequential_tokens,135,Debug a complex machine learning algorithm.,137,Summarize research papers on quantum computing.,137,Summarize research papers on quantum computing.,1.1372579119262263,0.7571758326689303
consequential_tokens,135,Debug a complex machine learning algorithm.,138,Translate legal documents into another language.,135,Debug a complex machine learning algorithm.,1.0106721789096074,0.7331516751276945
consequential_tokens,135,Debug a complex machine learning algorithm.,139,Analyze financial data for stock market trends.,135,Debug a complex machine learning algorithm.,0.14190330277252428,0.5354164152687283
consequential_tokens,135,Debug a complex machine learning algorithm.,140,Create a detailed plan for a city-wide public transportation system.,140,Create a detailed plan for a city-wide public transportation system.,1.4107667688607648,0.803886855043987
consequential_tokens,135,Debug a complex machine learning algorithm.,141,Moderate content for an online social media platform.,135,Debug a complex machine learning algorithm.,1.335665383223198,0.7917762115252401
consequential_tokens,135,Debug a complex machine learning algorithm.,142,Write a poem in the style of Emily Dickinson.,142,Write a poem in the style of Emily Dickinson.,4.331703545118195,0.9870254175641202
consequential_tokens,135,Debug a complex machine learning algorithm.,143,Craft a marketing strategy for a small business.,143,Craft a marketing strategy for a small business.,1.5893466707458306,0.8305241643625966
consequential_tokens,135,Debug a complex machine learning algorithm.,144,Evaluate student essays for grammar and content.,135,Debug a complex machine learning algorithm.,0.5548093163349643,0.6352506676734299
consequential_tokens,135,Debug a complex machine learning algorithm.,145,Develop a chatbot for customer service.,145,Develop a chatbot for customer service.,0.9420200162005841,0.7195075106275276
consequential_tokens,135,Debug a complex machine learning algorithm.,146,Fact-check claims in a political speech.,146,Fact-check claims in a political speech.,1.5294302464986054,0.8219229371828385
consequential_tokens,135,Debug a complex machine learning algorithm.,147,Compose an orchestral piece for a movie soundtrack.,147,Compose an orchestral piece for a movie soundtrack.,1.365559443872572,0.7966617674492811
consequential_tokens,135,Debug a complex machine learning algorithm.,149,Generate synthetic datasets for training AI models.,135,Debug a complex machine learning algorithm.,0.16587721950754686,0.5413744792524423
consequential_tokens,135,Debug a complex machine learning algorithm.,150,Produce a detailed report on global climate change impacts.,150,Produce a detailed report on global climate change impacts.,2.27754284516337,0.9069999905696835
consequential_tokens,135,Debug a complex machine learning algorithm.,151,Help an author edit and refine their novel.,151,Help an author edit and refine their novel.,1.6497519772606861,0.8388575266242643
consequential_tokens,135,Debug a complex machine learning algorithm.,152,Identify phishing scams in email correspondence.,152,Identify phishing scams in email correspondence.,1.8138430958348344,0.8598257060005514
consequential_tokens,135,Debug a complex machine learning algorithm.,153,Brainstorm innovative uses for AI in healthcare.,153,Brainstorm innovative uses for AI in healthcare.,4.783837578211181,0.9917055331869588
consequential_tokens,135,Debug a complex machine learning algorithm.,154,Transcribe ancient handwritten manuscripts into digital text.,154,Transcribe ancient handwritten manuscripts into digital text.,1.9836946863524483,0.8790744670833912
consequential_tokens,135,Debug a complex machine learning algorithm.,155,Rank the emotional content of user-submitted poems.,155,Rank the emotional content of user-submitted poems.,1.1177792796475445,0.7535765633255034
consequential_tokens,135,Debug a complex machine learning algorithm.,156,Create an infographic on the history of mathematics.,156,Create an infographic on the history of mathematics.,0.7842224500557993,0.6865894343185415
consequential_tokens,135,Debug a complex machine learning algorithm.,157,Organize code repositories for an open-source project.,157,Organize code repositories for an open-source project.,0.527850229255137,0.6289815726567
consequential_tokens,135,Debug a complex machine learning algorithm.,158,Conduct sentiment analysis on customer reviews.,158,Conduct sentiment analysis on customer reviews.,1.2932001778464774,0.7846883599194082
consequential_tokens,135,Debug a complex machine learning algorithm.,159,Create a fully interactive AI-generated educational tool.,159,Create a fully interactive AI-generated educational tool.,1.2541643861027054,0.7780199038098765
consequential_tokens,135,Debug a complex machine learning algorithm.,160,Review security vulnerabilities in a software application.,160,Review security vulnerabilities in a software application.,1.0593092426793314,0.7425585185535094
consequential_tokens,135,Debug a complex machine learning algorithm.,161,Label images for use in computer vision training.,135,Debug a complex machine learning algorithm.,1.4571187579441747,0.8110916007230575
consequential_tokens,136,Generate realistic dialogue for a video game character.,137,Summarize research papers on quantum computing.,136,Generate realistic dialogue for a video game character.,0.9120241077997826,0.7134141791766785
consequential_tokens,136,Generate realistic dialogue for a video game character.,138,Translate legal documents into another language.,136,Generate realistic dialogue for a video game character.,3.0599541986356162,0.955210337446165
consequential_tokens,136,Generate realistic dialogue for a video game character.,139,Analyze financial data for stock market trends.,136,Generate realistic dialogue for a video game character.,2.191185322498533,0.8994551525315235
consequential_tokens,136,Generate realistic dialogue for a video game character.,140,Create a detailed plan for a city-wide public transportation system.,136,Generate realistic dialogue for a video game character.,0.6385152508652441,0.6544177539619349
consequential_tokens,136,Generate realistic dialogue for a video game character.,141,Moderate content for an online social media platform.,136,Generate realistic dialogue for a video game character.,3.384947402949207,0.9672307781142168
consequential_tokens,136,Generate realistic dialogue for a video game character.,142,Write a poem in the style of Emily Dickinson.,142,Write a poem in the style of Emily Dickinson.,2.282421525392186,0.90741069584274
consequential_tokens,136,Generate realistic dialogue for a video game character.,143,Craft a marketing strategy for a small business.,136,Generate realistic dialogue for a video game character.,0.4599353489801783,0.6129988390083395
consequential_tokens,136,Generate realistic dialogue for a video game character.,144,Evaluate student essays for grammar and content.,136,Generate realistic dialogue for a video game character.,2.604091336060973,0.9311244273724161
consequential_tokens,136,Generate realistic dialogue for a video game character.,145,Develop a chatbot for customer service.,136,Generate realistic dialogue for a video game character.,1.1072620035254248,0.7516183119616575
consequential_tokens,136,Generate realistic dialogue for a video game character.,146,Fact-check claims in a political speech.,136,Generate realistic dialogue for a video game character.,0.5198517732274035,0.6271131052830581
consequential_tokens,136,Generate realistic dialogue for a video game character.,147,Compose an orchestral piece for a movie soundtrack.,136,Generate realistic dialogue for a video game character.,0.6837225758534369,0.6645690306934434
consequential_tokens,136,Generate realistic dialogue for a video game character.,149,Generate synthetic datasets for training AI models.,136,Generate realistic dialogue for a video game character.,2.2151592392335555,0.9016025799232563
consequential_tokens,136,Generate realistic dialogue for a video game character.,150,Produce a detailed report on global climate change impacts.,150,Produce a detailed report on global climate change impacts.,0.22826082543736126,0.556818718165629
consequential_tokens,136,Generate realistic dialogue for a video game character.,151,Help an author edit and refine their novel.,136,Generate realistic dialogue for a video game character.,0.39953004246532275,0.5985747425297762
consequential_tokens,136,Generate realistic dialogue for a video game character.,152,Identify phishing scams in email correspondence.,136,Generate realistic dialogue for a video game character.,0.2354389238911745,0.558589339493674
consequential_tokens,136,Generate realistic dialogue for a video game character.,153,Brainstorm innovative uses for AI in healthcare.,153,Brainstorm innovative uses for AI in healthcare.,2.734555558485172,0.9390351565903353
consequential_tokens,136,Generate realistic dialogue for a video game character.,154,Transcribe ancient handwritten manuscripts into digital text.,136,Generate realistic dialogue for a video game character.,0.0655873333735606,0.5163909580182562
consequential_tokens,136,Generate realistic dialogue for a video game character.,155,Rank the emotional content of user-submitted poems.,136,Generate realistic dialogue for a video game character.,0.9315027400784643,0.7173800593991728
consequential_tokens,136,Generate realistic dialogue for a video game character.,156,Create an infographic on the history of mathematics.,136,Generate realistic dialogue for a video game character.,1.2650595696702096,0.7798958548001639
consequential_tokens,136,Generate realistic dialogue for a video game character.,157,Organize code repositories for an open-source project.,136,Generate realistic dialogue for a video game character.,1.5214317904708718,0.8207492222619114
consequential_tokens,136,Generate realistic dialogue for a video game character.,158,Conduct sentiment analysis on customer reviews.,136,Generate realistic dialogue for a video game character.,0.7560818418795314,0.6805024554479008
consequential_tokens,136,Generate realistic dialogue for a video game character.,159,Create a fully interactive AI-generated educational tool.,136,Generate realistic dialogue for a video game character.,0.7951176336233035,0.688929128103138
consequential_tokens,136,Generate realistic dialogue for a video game character.,160,Review security vulnerabilities in a software application.,136,Generate realistic dialogue for a video game character.,0.9899727770466775,0.7290825452727737
consequential_tokens,136,Generate realistic dialogue for a video game character.,161,Label images for use in computer vision training.,136,Generate realistic dialogue for a video game character.,3.5064007776701835,0.970869343068868
consequential_tokens,137,Summarize research papers on quantum computing.,138,Translate legal documents into another language.,137,Summarize research papers on quantum computing.,2.1479300908358336,0.895475193220335
consequential_tokens,137,Summarize research papers on quantum computing.,139,Analyze financial data for stock market trends.,137,Summarize research papers on quantum computing.,1.2791612146987505,0.7823069627814419
consequential_tokens,137,Summarize research papers on quantum computing.,140,Create a detailed plan for a city-wide public transportation system.,140,Create a detailed plan for a city-wide public transportation system.,0.2735088569345385,0.5679541205968487
consequential_tokens,137,Summarize research papers on quantum computing.,141,Moderate content for an online social media platform.,137,Summarize research papers on quantum computing.,2.472923295149424,0.9222217083877211
consequential_tokens,137,Summarize research papers on quantum computing.,142,Write a poem in the style of Emily Dickinson.,142,Write a poem in the style of Emily Dickinson.,3.1944456331919686,0.9606247207038331
consequential_tokens,137,Summarize research papers on quantum computing.,143,Craft a marketing strategy for a small business.,143,Craft a marketing strategy for a small business.,0.4520887588196043,0.6111357401512328
consequential_tokens,137,Summarize research papers on quantum computing.,144,Evaluate student essays for grammar and content.,137,Summarize research papers on quantum computing.,1.6920672282611906,0.8444958270897
consequential_tokens,137,Summarize research papers on quantum computing.,145,Develop a chatbot for customer service.,137,Summarize research papers on quantum computing.,0.1952378957256422,0.5486550200229946
consequential_tokens,137,Summarize research papers on quantum computing.,146,Fact-check claims in a political speech.,146,Fact-check claims in a political speech.,0.3921723345723791,0.5968055350592886
consequential_tokens,137,Summarize research papers on quantum computing.,147,Compose an orchestral piece for a movie soundtrack.,147,Compose an orchestral piece for a movie soundtrack.,0.22830153194634573,0.5568287633541008
consequential_tokens,137,Summarize research papers on quantum computing.,149,Generate synthetic datasets for training AI models.,137,Summarize research papers on quantum computing.,1.3031351314337731,0.7863621476890128
consequential_tokens,137,Summarize research papers on quantum computing.,150,Produce a detailed report on global climate change impacts.,150,Produce a detailed report on global climate change impacts.,1.1402849332371439,0.7577319492479522
consequential_tokens,137,Summarize research papers on quantum computing.,151,Help an author edit and refine their novel.,151,Help an author edit and refine their novel.,0.5124940653344598,0.6253909593653102
consequential_tokens,137,Summarize research papers on quantum computing.,152,Identify phishing scams in email correspondence.,152,Identify phishing scams in email correspondence.,0.6765851839086081,0.6629761201892431
consequential_tokens,137,Summarize research papers on quantum computing.,153,Brainstorm innovative uses for AI in healthcare.,153,Brainstorm innovative uses for AI in healthcare.,3.646579666284955,0.9745827082103589
consequential_tokens,137,Summarize research papers on quantum computing.,154,Transcribe ancient handwritten manuscripts into digital text.,154,Transcribe ancient handwritten manuscripts into digital text.,0.846436774426222,0.6998191408123076
consequential_tokens,137,Summarize research papers on quantum computing.,155,Rank the emotional content of user-submitted poems.,137,Summarize research papers on quantum computing.,0.01947863227868174,0.5048695041062106
consequential_tokens,137,Summarize research papers on quantum computing.,156,Create an infographic on the history of mathematics.,137,Summarize research papers on quantum computing.,0.353035461870427,0.5873534764631605
consequential_tokens,137,Summarize research papers on quantum computing.,157,Organize code repositories for an open-source project.,137,Summarize research papers on quantum computing.,0.6094076826710892,0.6478056746533584
consequential_tokens,137,Summarize research papers on quantum computing.,158,Conduct sentiment analysis on customer reviews.,158,Conduct sentiment analysis on customer reviews.,0.15594226592025118,0.538906753911883
consequential_tokens,137,Summarize research papers on quantum computing.,159,Create a fully interactive AI-generated educational tool.,159,Create a fully interactive AI-generated educational tool.,0.11690647417647915,0.5291933769907643
consequential_tokens,137,Summarize research papers on quantum computing.,160,Review security vulnerabilities in a software application.,137,Summarize research papers on quantum computing.,0.07794866924689492,0.5194773063088977
consequential_tokens,137,Summarize research papers on quantum computing.,161,Label images for use in computer vision training.,137,Summarize research papers on quantum computing.,2.594376669870401,0.9304987936640023
consequential_tokens,138,Translate legal documents into another language.,139,Analyze financial data for stock market trends.,139,Analyze financial data for stock market trends.,0.8687688761370831,0.7044894621743272
consequential_tokens,138,Translate legal documents into another language.,140,Create a detailed plan for a city-wide public transportation system.,140,Create a detailed plan for a city-wide public transportation system.,2.421438947770372,0.9184475889678552
consequential_tokens,138,Translate legal documents into another language.,141,Moderate content for an online social media platform.,138,Translate legal documents into another language.,0.3249932043135906,0.5805406499821965
consequential_tokens,138,Translate legal documents into another language.,142,Write a poem in the style of Emily Dickinson.,142,Write a poem in the style of Emily Dickinson.,5.342375724027802,0.9952382917796633
consequential_tokens,138,Translate legal documents into another language.,143,Craft a marketing strategy for a small business.,143,Craft a marketing strategy for a small business.,2.600018849655438,0.9308627927785648
consequential_tokens,138,Translate legal documents into another language.,144,Evaluate student essays for grammar and content.,144,Evaluate student essays for grammar and content.,0.45586286257464304,0.6120322744534977
consequential_tokens,138,Translate legal documents into another language.,145,Develop a chatbot for customer service.,145,Develop a chatbot for customer service.,1.9526921951101914,0.8757399016834672
consequential_tokens,138,Translate legal documents into another language.,146,Fact-check claims in a political speech.,146,Fact-check claims in a political speech.,2.5401024254082127,0.9269057663526934
consequential_tokens,138,Translate legal documents into another language.,147,Compose an orchestral piece for a movie soundtrack.,147,Compose an orchestral piece for a movie soundtrack.,2.3762316227821794,0.9149967967038638
consequential_tokens,138,Translate legal documents into another language.,149,Generate synthetic datasets for training AI models.,149,Generate synthetic datasets for training AI models.,0.8447949594020605,0.6994741278264514
consequential_tokens,138,Translate legal documents into another language.,150,Produce a detailed report on global climate change impacts.,150,Produce a detailed report on global climate change impacts.,3.2882150240729775,0.9640222964979084
consequential_tokens,138,Translate legal documents into another language.,151,Help an author edit and refine their novel.,151,Help an author edit and refine their novel.,2.6604241561702935,0.9346505783327255
consequential_tokens,138,Translate legal documents into another language.,152,Identify phishing scams in email correspondence.,152,Identify phishing scams in email correspondence.,2.8245152747444418,0.9439862960389523
consequential_tokens,138,Translate legal documents into another language.,153,Brainstorm innovative uses for AI in healthcare.,153,Brainstorm innovative uses for AI in healthcare.,5.794509757120789,0.9969650166950541
consequential_tokens,138,Translate legal documents into another language.,154,Transcribe ancient handwritten manuscripts into digital text.,154,Transcribe ancient handwritten manuscripts into digital text.,2.9943668652620556,0.9523189908393365
consequential_tokens,138,Translate legal documents into another language.,155,Rank the emotional content of user-submitted poems.,155,Rank the emotional content of user-submitted poems.,2.128451458557152,0.8936379104015758
consequential_tokens,138,Translate legal documents into another language.,156,Create an infographic on the history of mathematics.,156,Create an infographic on the history of mathematics.,1.7948946289654066,0.857526324571011
consequential_tokens,138,Translate legal documents into another language.,157,Organize code repositories for an open-source project.,157,Organize code repositories for an open-source project.,1.5385224081647444,0.8232498241786885
consequential_tokens,138,Translate legal documents into another language.,158,Conduct sentiment analysis on customer reviews.,158,Conduct sentiment analysis on customer reviews.,2.303872356756085,0.9091972385171895
consequential_tokens,138,Translate legal documents into another language.,159,Create a fully interactive AI-generated educational tool.,159,Create a fully interactive AI-generated educational tool.,2.264836565012313,0.9059226460903521
consequential_tokens,138,Translate legal documents into another language.,160,Review security vulnerabilities in a software application.,160,Review security vulnerabilities in a software application.,2.0699814215889387,0.8879511130171299
consequential_tokens,138,Translate legal documents into another language.,161,Label images for use in computer vision training.,138,Translate legal documents into another language.,0.4464465790345673,0.6097940448814901
consequential_tokens,139,Analyze financial data for stock market trends.,140,Create a detailed plan for a city-wide public transportation system.,140,Create a detailed plan for a city-wide public transportation system.,1.552670071633289,0.8252990386314576
consequential_tokens,139,Analyze financial data for stock market trends.,141,Moderate content for an online social media platform.,139,Analyze financial data for stock market trends.,1.1937620804506737,0.7674132340089316
consequential_tokens,139,Analyze financial data for stock market trends.,142,Write a poem in the style of Emily Dickinson.,142,Write a poem in the style of Emily Dickinson.,4.47360684789072,0.9887225304669892
consequential_tokens,139,Analyze financial data for stock market trends.,143,Craft a marketing strategy for a small business.,143,Craft a marketing strategy for a small business.,1.7312499735183549,0.8495722357463515
consequential_tokens,139,Analyze financial data for stock market trends.,144,Evaluate student essays for grammar and content.,139,Analyze financial data for stock market trends.,0.41290601356244006,0.601784481259941
consequential_tokens,139,Analyze financial data for stock market trends.,145,Develop a chatbot for customer service.,145,Develop a chatbot for customer service.,1.0839233189731083,0.7472357167670047
consequential_tokens,139,Analyze financial data for stock market trends.,146,Fact-check claims in a political speech.,146,Fact-check claims in a political speech.,1.6713335492711296,0.8417535369123749
consequential_tokens,139,Analyze financial data for stock market trends.,147,Compose an orchestral piece for a movie soundtrack.,147,Compose an orchestral piece for a movie soundtrack.,1.5074627466450963,0.8186848815888199
consequential_tokens,139,Analyze financial data for stock market trends.,149,Generate synthetic datasets for training AI models.,139,Analyze financial data for stock market trends.,0.023973916735022582,0.505993192138231
consequential_tokens,139,Analyze financial data for stock market trends.,150,Produce a detailed report on global climate change impacts.,150,Produce a detailed report on global climate change impacts.,2.4194461479358944,0.9182982005183655
consequential_tokens,139,Analyze financial data for stock market trends.,151,Help an author edit and refine their novel.,151,Help an author edit and refine their novel.,1.7916552800332104,0.8571300988075323
consequential_tokens,139,Analyze financial data for stock market trends.,152,Identify phishing scams in email correspondence.,152,Identify phishing scams in email correspondence.,1.9557463986073587,0.876071877432378
consequential_tokens,139,Analyze financial data for stock market trends.,153,Brainstorm innovative uses for AI in healthcare.,153,Brainstorm innovative uses for AI in healthcare.,4.925740880983705,0.992794942151449
consequential_tokens,139,Analyze financial data for stock market trends.,154,Transcribe ancient handwritten manuscripts into digital text.,154,Transcribe ancient handwritten manuscripts into digital text.,2.1255979891249726,0.8933663856261242
consequential_tokens,139,Analyze financial data for stock market trends.,155,Rank the emotional content of user-submitted poems.,155,Rank the emotional content of user-submitted poems.,1.2596825824200688,0.7789714612716075
consequential_tokens,139,Analyze financial data for stock market trends.,156,Create an infographic on the history of mathematics.,156,Create an infographic on the history of mathematics.,0.9261257528283235,0.7162886241330194
consequential_tokens,139,Analyze financial data for stock market trends.,157,Organize code repositories for an open-source project.,157,Organize code repositories for an open-source project.,0.6697535320276613,0.6614479687040451
consequential_tokens,139,Analyze financial data for stock market trends.,158,Conduct sentiment analysis on customer reviews.,158,Conduct sentiment analysis on customer reviews.,1.4351034806190017,0.8076952519201303
consequential_tokens,139,Analyze financial data for stock market trends.,159,Create a fully interactive AI-generated educational tool.,159,Create a fully interactive AI-generated educational tool.,1.3960676888752297,0.8015591486092062
consequential_tokens,139,Analyze financial data for stock market trends.,160,Review security vulnerabilities in a software application.,160,Review security vulnerabilities in a software application.,1.2012125454518556,0.7687404183571268
consequential_tokens,139,Analyze financial data for stock market trends.,161,Label images for use in computer vision training.,139,Analyze financial data for stock market trends.,1.3152154551716504,0.7883845815614025
consequential_tokens,140,Create a detailed plan for a city-wide public transportation system.,141,Moderate content for an online social media platform.,140,Create a detailed plan for a city-wide public transportation system.,2.7464321520839627,0.9397115346305004
consequential_tokens,140,Create a detailed plan for a city-wide public transportation system.,142,Write a poem in the style of Emily Dickinson.,142,Write a poem in the style of Emily Dickinson.,2.92093677625743,0.9488717650907952
consequential_tokens,140,Create a detailed plan for a city-wide public transportation system.,143,Craft a marketing strategy for a small business.,143,Craft a marketing strategy for a small business.,0.17857990188506578,0.5445267056992084
consequential_tokens,140,Create a detailed plan for a city-wide public transportation system.,144,Evaluate student essays for grammar and content.,140,Create a detailed plan for a city-wide public transportation system.,1.9655760851957291,0.8771351468290223
consequential_tokens,140,Create a detailed plan for a city-wide public transportation system.,145,Develop a chatbot for customer service.,140,Create a detailed plan for a city-wide public transportation system.,0.46874675266018073,0.6150870866925368
consequential_tokens,140,Create a detailed plan for a city-wide public transportation system.,146,Fact-check claims in a political speech.,146,Fact-check claims in a political speech.,0.11866347763784058,0.5296311078790971
consequential_tokens,140,Create a detailed plan for a city-wide public transportation system.,147,Compose an orchestral piece for a movie soundtrack.,140,Create a detailed plan for a city-wide public transportation system.,0.0452073249881928,0.5112999068421923
consequential_tokens,140,Create a detailed plan for a city-wide public transportation system.,149,Generate synthetic datasets for training AI models.,140,Create a detailed plan for a city-wide public transportation system.,1.5766439883683117,0.8287286996488288
consequential_tokens,140,Create a detailed plan for a city-wide public transportation system.,150,Produce a detailed report on global climate change impacts.,150,Produce a detailed report on global climate change impacts.,0.8667760763026053,0.7040744240208769
consequential_tokens,140,Create a detailed plan for a city-wide public transportation system.,151,Help an author edit and refine their novel.,151,Help an author edit and refine their novel.,0.23898520839992132,0.5594635546962892
consequential_tokens,140,Create a detailed plan for a city-wide public transportation system.,152,Identify phishing scams in email correspondence.,152,Identify phishing scams in email correspondence.,0.4030763269740696,0.5994265558172386
consequential_tokens,140,Create a detailed plan for a city-wide public transportation system.,153,Brainstorm innovative uses for AI in healthcare.,153,Brainstorm innovative uses for AI in healthcare.,3.3730708093504163,0.9668522486775593
consequential_tokens,140,Create a detailed plan for a city-wide public transportation system.,154,Transcribe ancient handwritten manuscripts into digital text.,154,Transcribe ancient handwritten manuscripts into digital text.,0.5729279174916835,0.6394385019708557
consequential_tokens,140,Create a detailed plan for a city-wide public transportation system.,155,Rank the emotional content of user-submitted poems.,140,Create a detailed plan for a city-wide public transportation system.,0.29298748921322026,0.5727273619321052
consequential_tokens,140,Create a detailed plan for a city-wide public transportation system.,156,Create an infographic on the history of mathematics.,140,Create a detailed plan for a city-wide public transportation system.,0.6265443188049655,0.651705484632796
consequential_tokens,140,Create a detailed plan for a city-wide public transportation system.,157,Organize code repositories for an open-source project.,140,Create a detailed plan for a city-wide public transportation system.,0.8829165396056278,0.7074262349834384
consequential_tokens,140,Create a detailed plan for a city-wide public transportation system.,158,Conduct sentiment analysis on customer reviews.,140,Create a detailed plan for a city-wide public transportation system.,0.11756659101428735,0.5293578404381355
consequential_tokens,140,Create a detailed plan for a city-wide public transportation system.,159,Create a fully interactive AI-generated educational tool.,140,Create a detailed plan for a city-wide public transportation system.,0.15660238275805938,0.5390707796604135
consequential_tokens,140,Create a detailed plan for a city-wide public transportation system.,160,Review security vulnerabilities in a software application.,140,Create a detailed plan for a city-wide public transportation system.,0.35145752618143344,0.5869709805409091
consequential_tokens,140,Create a detailed plan for a city-wide public transportation system.,161,Label images for use in computer vision training.,140,Create a detailed plan for a city-wide public transportation system.,2.8678855268049395,0.946235878698074
consequential_tokens,141,Moderate content for an online social media platform.,142,Write a poem in the style of Emily Dickinson.,142,Write a poem in the style of Emily Dickinson.,5.667368928341393,0.9965549605239105
consequential_tokens,141,Moderate content for an online social media platform.,143,Craft a marketing strategy for a small business.,143,Craft a marketing strategy for a small business.,2.9250120539690285,0.9490691124020951
consequential_tokens,141,Moderate content for an online social media platform.,144,Evaluate student essays for grammar and content.,144,Evaluate student essays for grammar and content.,0.7808560668882336,0.6858645866185196
consequential_tokens,141,Moderate content for an online social media platform.,145,Develop a chatbot for customer service.,145,Develop a chatbot for customer service.,2.277685399423782,0.9070120144675557
consequential_tokens,141,Moderate content for an online social media platform.,146,Fact-check claims in a political speech.,146,Fact-check claims in a political speech.,2.8650956297218033,0.946093769929204
consequential_tokens,141,Moderate content for an online social media platform.,147,Compose an orchestral piece for a movie soundtrack.,147,Compose an orchestral piece for a movie soundtrack.,2.70122482709577,0.9370988795126769
consequential_tokens,141,Moderate content for an online social media platform.,149,Generate synthetic datasets for training AI models.,149,Generate synthetic datasets for training AI models.,1.169788163715651,0.7631067231882578
consequential_tokens,141,Moderate content for an online social media platform.,150,Produce a detailed report on global climate change impacts.,150,Produce a detailed report on global climate change impacts.,3.613208228386568,0.9737428322784181
consequential_tokens,141,Moderate content for an online social media platform.,151,Help an author edit and refine their novel.,151,Help an author edit and refine their novel.,2.985417360483884,0.9519109669579595
consequential_tokens,141,Moderate content for an online social media platform.,152,Identify phishing scams in email correspondence.,152,Identify phishing scams in email correspondence.,3.1495084790580323,0.9588893501363627
consequential_tokens,141,Moderate content for an online social media platform.,153,Brainstorm innovative uses for AI in healthcare.,153,Brainstorm innovative uses for AI in healthcare.,6.119502961434379,0.9978052784454481
consequential_tokens,141,Moderate content for an online social media platform.,154,Transcribe ancient handwritten manuscripts into digital text.,154,Transcribe ancient handwritten manuscripts into digital text.,3.319360069575646,0.9650870360373811
consequential_tokens,141,Moderate content for an online social media platform.,155,Rank the emotional content of user-submitted poems.,155,Rank the emotional content of user-submitted poems.,2.4534446628707425,0.9208129877017823
consequential_tokens,141,Moderate content for an online social media platform.,156,Create an infographic on the history of mathematics.,156,Create an infographic on the history of mathematics.,2.119887833278997,0.892821196583766
consequential_tokens,141,Moderate content for an online social media platform.,157,Organize code repositories for an open-source project.,157,Organize code repositories for an open-source project.,1.863515612478335,0.8657061953042856
consequential_tokens,141,Moderate content for an online social media platform.,158,Conduct sentiment analysis on customer reviews.,158,Conduct sentiment analysis on customer reviews.,2.6288655610696754,0.9326963712592475
consequential_tokens,141,Moderate content for an online social media platform.,159,Create a fully interactive AI-generated educational tool.,159,Create a fully interactive AI-generated educational tool.,2.5898297693259034,0.930204165812534
consequential_tokens,141,Moderate content for an online social media platform.,160,Review security vulnerabilities in a software application.,160,Review security vulnerabilities in a software application.,2.3949746259025293,0.9164432900191133
consequential_tokens,141,Moderate content for an online social media platform.,161,Label images for use in computer vision training.,141,Moderate content for an online social media platform.,0.12145337472097673,0.5303260747110037
consequential_tokens,142,Write a poem in the style of Emily Dickinson.,143,Craft a marketing strategy for a small business.,142,Write a poem in the style of Emily Dickinson.,2.7423568743723643,0.9394802406530155
consequential_tokens,142,Write a poem in the style of Emily Dickinson.,144,Evaluate student essays for grammar and content.,142,Write a poem in the style of Emily Dickinson.,4.886512861453159,0.9925088444672115
consequential_tokens,142,Write a poem in the style of Emily Dickinson.,145,Develop a chatbot for customer service.,142,Write a poem in the style of Emily Dickinson.,3.389683528917611,0.9673805597947143
consequential_tokens,142,Write a poem in the style of Emily Dickinson.,146,Fact-check claims in a political speech.,142,Write a poem in the style of Emily Dickinson.,2.8022732986195895,0.9427985453213832
consequential_tokens,142,Write a poem in the style of Emily Dickinson.,147,Compose an orchestral piece for a movie soundtrack.,142,Write a poem in the style of Emily Dickinson.,2.966144101245623,0.9510209809834171
consequential_tokens,142,Write a poem in the style of Emily Dickinson.,149,Generate synthetic datasets for training AI models.,142,Write a poem in the style of Emily Dickinson.,4.4975807646257415,0.9889867382784379
consequential_tokens,142,Write a poem in the style of Emily Dickinson.,150,Produce a detailed report on global climate change impacts.,142,Write a poem in the style of Emily Dickinson.,2.0541606999548248,0.886367359668185
consequential_tokens,142,Write a poem in the style of Emily Dickinson.,151,Help an author edit and refine their novel.,142,Write a poem in the style of Emily Dickinson.,2.6819515678575088,0.9359532095166341
consequential_tokens,142,Write a poem in the style of Emily Dickinson.,152,Identify phishing scams in email correspondence.,142,Write a poem in the style of Emily Dickinson.,2.5178604492833605,0.9253844573898234
consequential_tokens,142,Write a poem in the style of Emily Dickinson.,153,Brainstorm innovative uses for AI in healthcare.,153,Brainstorm innovative uses for AI in healthcare.,0.45213403309298617,0.6111464994759742
consequential_tokens,142,Write a poem in the style of Emily Dickinson.,154,Transcribe ancient handwritten manuscripts into digital text.,142,Write a poem in the style of Emily Dickinson.,2.3480088587657466,0.9127758308711051
consequential_tokens,142,Write a poem in the style of Emily Dickinson.,155,Rank the emotional content of user-submitted poems.,142,Write a poem in the style of Emily Dickinson.,3.2139242654706504,0.9613549226654259
consequential_tokens,142,Write a poem in the style of Emily Dickinson.,156,Create an infographic on the history of mathematics.,142,Write a poem in the style of Emily Dickinson.,3.5474810950623956,0.9720089744608517
consequential_tokens,142,Write a poem in the style of Emily Dickinson.,157,Organize code repositories for an open-source project.,142,Write a poem in the style of Emily Dickinson.,3.8038533158630576,0.9782010478218999
consequential_tokens,142,Write a poem in the style of Emily Dickinson.,158,Conduct sentiment analysis on customer reviews.,142,Write a poem in the style of Emily Dickinson.,3.0385033672717174,0.9542835808495993
consequential_tokens,142,Write a poem in the style of Emily Dickinson.,159,Create a fully interactive AI-generated educational tool.,142,Write a poem in the style of Emily Dickinson.,3.0775391590154895,0.9559566907710917
consequential_tokens,142,Write a poem in the style of Emily Dickinson.,160,Review security vulnerabilities in a software application.,142,Write a poem in the style of Emily Dickinson.,3.2723943024388635,0.9634695351468084
consequential_tokens,142,Write a poem in the style of Emily Dickinson.,161,Label images for use in computer vision training.,142,Write a poem in the style of Emily Dickinson.,5.78882230306237,0.9969477590230836
consequential_tokens,143,Craft a marketing strategy for a small business.,144,Evaluate student essays for grammar and content.,143,Craft a marketing strategy for a small business.,2.144155987080795,0.8951214118591739
consequential_tokens,143,Craft a marketing strategy for a small business.,145,Develop a chatbot for customer service.,143,Craft a marketing strategy for a small business.,0.6473266545452465,0.6564077777709484
consequential_tokens,143,Craft a marketing strategy for a small business.,146,Fact-check claims in a political speech.,143,Craft a marketing strategy for a small business.,0.05991642424722521,0.5149746264483339
consequential_tokens,143,Craft a marketing strategy for a small business.,147,Compose an orchestral piece for a movie soundtrack.,143,Craft a marketing strategy for a small business.,0.22378722687325858,0.5557144821036964
consequential_tokens,143,Craft a marketing strategy for a small business.,149,Generate synthetic datasets for training AI models.,143,Craft a marketing strategy for a small business.,1.7552238902533774,0.8526104765268359
consequential_tokens,143,Craft a marketing strategy for a small business.,150,Produce a detailed report on global climate change impacts.,150,Produce a detailed report on global climate change impacts.,0.6881961744175396,0.6655655367118867
consequential_tokens,143,Craft a marketing strategy for a small business.,151,Help an author edit and refine their novel.,151,Help an author edit and refine their novel.,0.06040530651485554,0.515096736492178
consequential_tokens,143,Craft a marketing strategy for a small business.,152,Identify phishing scams in email correspondence.,152,Identify phishing scams in email correspondence.,0.2244964250890038,0.5558895733073083
consequential_tokens,143,Craft a marketing strategy for a small business.,153,Brainstorm innovative uses for AI in healthcare.,153,Brainstorm innovative uses for AI in healthcare.,3.1944909074653505,0.9606264331614749
consequential_tokens,143,Craft a marketing strategy for a small business.,154,Transcribe ancient handwritten manuscripts into digital text.,154,Transcribe ancient handwritten manuscripts into digital text.,0.3943480156066177,0.5973289558845934
consequential_tokens,143,Craft a marketing strategy for a small business.,155,Rank the emotional content of user-submitted poems.,143,Craft a marketing strategy for a small business.,0.47156739109828605,0.6157546696873384
consequential_tokens,143,Craft a marketing strategy for a small business.,156,Create an infographic on the history of mathematics.,143,Craft a marketing strategy for a small business.,0.8051242206900313,0.6910695332225572
consequential_tokens,143,Craft a marketing strategy for a small business.,157,Organize code repositories for an open-source project.,143,Craft a marketing strategy for a small business.,1.0614964414906936,0.7429764133430933
consequential_tokens,143,Craft a marketing strategy for a small business.,158,Conduct sentiment analysis on customer reviews.,143,Craft a marketing strategy for a small business.,0.29614649289935313,0.5735002258277098
consequential_tokens,143,Craft a marketing strategy for a small business.,159,Create a fully interactive AI-generated educational tool.,143,Craft a marketing strategy for a small business.,0.33518228464312516,0.583019769675301
consequential_tokens,143,Craft a marketing strategy for a small business.,160,Review security vulnerabilities in a software application.,143,Craft a marketing strategy for a small business.,0.5300374280664992,0.6294918414273806
consequential_tokens,143,Craft a marketing strategy for a small business.,161,Label images for use in computer vision training.,143,Craft a marketing strategy for a small business.,3.0464654286900053,0.9546296834569211
consequential_tokens,144,Evaluate student essays for grammar and content.,145,Develop a chatbot for customer service.,145,Develop a chatbot for customer service.,1.4968293325355484,0.8171011061399741
consequential_tokens,144,Evaluate student essays for grammar and content.,146,Fact-check claims in a political speech.,146,Fact-check claims in a political speech.,2.0842395628335697,0.8893618840536412
consequential_tokens,144,Evaluate student essays for grammar and content.,147,Compose an orchestral piece for a movie soundtrack.,147,Compose an orchestral piece for a movie soundtrack.,1.9203687602075363,0.8721795495900486
consequential_tokens,144,Evaluate student essays for grammar and content.,149,Generate synthetic datasets for training AI models.,149,Generate synthetic datasets for training AI models.,0.3889320968274175,0.5960255969375725
consequential_tokens,144,Evaluate student essays for grammar and content.,150,Produce a detailed report on global climate change impacts.,150,Produce a detailed report on global climate change impacts.,2.8323521614983345,0.9443992416413844
consequential_tokens,144,Evaluate student essays for grammar and content.,151,Help an author edit and refine their novel.,151,Help an author edit and refine their novel.,2.2045612935956505,0.9006583694023588
consequential_tokens,144,Evaluate student essays for grammar and content.,152,Identify phishing scams in email correspondence.,152,Identify phishing scams in email correspondence.,2.3686524121697987,0.9144054462752962
consequential_tokens,144,Evaluate student essays for grammar and content.,153,Brainstorm innovative uses for AI in healthcare.,153,Brainstorm innovative uses for AI in healthcare.,5.338646894546145,0.9952205880564157
consequential_tokens,144,Evaluate student essays for grammar and content.,154,Transcribe ancient handwritten manuscripts into digital text.,154,Transcribe ancient handwritten manuscripts into digital text.,2.5385040026874126,0.9267973969434276
consequential_tokens,144,Evaluate student essays for grammar and content.,155,Rank the emotional content of user-submitted poems.,155,Rank the emotional content of user-submitted poems.,1.6725885959825089,0.8419206431105858
consequential_tokens,144,Evaluate student essays for grammar and content.,156,Create an infographic on the history of mathematics.,156,Create an infographic on the history of mathematics.,1.3390317663907636,0.7923306706847367
consequential_tokens,144,Evaluate student essays for grammar and content.,157,Organize code repositories for an open-source project.,157,Organize code repositories for an open-source project.,1.0826595455901014,0.7469969476291087
consequential_tokens,144,Evaluate student essays for grammar and content.,158,Conduct sentiment analysis on customer reviews.,158,Conduct sentiment analysis on customer reviews.,1.8480094941814418,0.8638932253742061
consequential_tokens,144,Evaluate student essays for grammar and content.,159,Create a fully interactive AI-generated educational tool.,159,Create a fully interactive AI-generated educational tool.,1.8089737024376698,0.8592377911718471
consequential_tokens,144,Evaluate student essays for grammar and content.,160,Review security vulnerabilities in a software application.,160,Review security vulnerabilities in a software application.,1.6141185590142957,0.8339824092527903
consequential_tokens,144,Evaluate student essays for grammar and content.,161,Label images for use in computer vision training.,144,Evaluate student essays for grammar and content.,0.9023094416092103,0.7114238622782226
consequential_tokens,145,Develop a chatbot for customer service.,146,Fact-check claims in a political speech.,146,Fact-check claims in a political speech.,0.5874102302980213,0.6427707118980548
consequential_tokens,145,Develop a chatbot for customer service.,147,Compose an orchestral piece for a movie soundtrack.,147,Compose an orchestral piece for a movie soundtrack.,0.42353942767198793,0.6043298928347953
consequential_tokens,145,Develop a chatbot for customer service.,149,Generate synthetic datasets for training AI models.,145,Develop a chatbot for customer service.,1.107897235708131,0.7517368833743908
consequential_tokens,145,Develop a chatbot for customer service.,150,Produce a detailed report on global climate change impacts.,150,Produce a detailed report on global climate change impacts.,1.335522828962786,0.7917527081054079
consequential_tokens,145,Develop a chatbot for customer service.,151,Help an author edit and refine their novel.,151,Help an author edit and refine their novel.,0.707731961060102,0.6698998125679149
consequential_tokens,145,Develop a chatbot for customer service.,152,Identify phishing scams in email correspondence.,152,Identify phishing scams in email correspondence.,0.8718230796342503,0.705124901298999
consequential_tokens,145,Develop a chatbot for customer service.,153,Brainstorm innovative uses for AI in healthcare.,153,Brainstorm innovative uses for AI in healthcare.,3.841817562010597,0.9789960596540475
consequential_tokens,145,Develop a chatbot for customer service.,154,Transcribe ancient handwritten manuscripts into digital text.,154,Transcribe ancient handwritten manuscripts into digital text.,1.0416746701518642,0.7391730055461226
consequential_tokens,145,Develop a chatbot for customer service.,155,Rank the emotional content of user-submitted poems.,155,Rank the emotional content of user-submitted poems.,0.17575926344696047,0.5438270509566915
consequential_tokens,145,Develop a chatbot for customer service.,156,Create an infographic on the history of mathematics.,145,Develop a chatbot for customer service.,0.1577975661447848,0.5393677371264944
consequential_tokens,145,Develop a chatbot for customer service.,157,Organize code repositories for an open-source project.,145,Develop a chatbot for customer service.,0.41416978694544704,0.6020872928198368
consequential_tokens,145,Develop a chatbot for customer service.,158,Conduct sentiment analysis on customer reviews.,158,Conduct sentiment analysis on customer reviews.,0.3511801616458934,0.5869037357572143
consequential_tokens,145,Develop a chatbot for customer service.,159,Create a fully interactive AI-generated educational tool.,159,Create a fully interactive AI-generated educational tool.,0.31214436990212135,0.5774085910185877
consequential_tokens,145,Develop a chatbot for customer service.,160,Review security vulnerabilities in a software application.,160,Review security vulnerabilities in a software application.,0.11728922647874729,0.5292887377977241
consequential_tokens,145,Develop a chatbot for customer service.,161,Label images for use in computer vision training.,145,Develop a chatbot for customer service.,2.3991387741447587,0.9167616071495244
consequential_tokens,146,Fact-check claims in a political speech.,147,Compose an orchestral piece for a movie soundtrack.,146,Fact-check claims in a political speech.,0.16387080262603337,0.5408762685202994
consequential_tokens,146,Fact-check claims in a political speech.,149,Generate synthetic datasets for training AI models.,146,Fact-check claims in a political speech.,1.6953074660061522,0.8449208687923803
consequential_tokens,146,Fact-check claims in a political speech.,150,Produce a detailed report on global climate change impacts.,150,Produce a detailed report on global climate change impacts.,0.7481125986647648,0.678767304869154
consequential_tokens,146,Fact-check claims in a political speech.,151,Help an author edit and refine their novel.,151,Help an author edit and refine their novel.,0.12032173076208075,0.5300441948176305
consequential_tokens,146,Fact-check claims in a political speech.,152,Identify phishing scams in email correspondence.,152,Identify phishing scams in email correspondence.,0.284412849336229,0.5706277590702533
consequential_tokens,146,Fact-check claims in a political speech.,153,Brainstorm innovative uses for AI in healthcare.,153,Brainstorm innovative uses for AI in healthcare.,3.2544073317125757,0.9628311613687797
consequential_tokens,146,Fact-check claims in a political speech.,154,Transcribe ancient handwritten manuscripts into digital text.,154,Transcribe ancient handwritten manuscripts into digital text.,0.4542644398538429,0.6116526630472707
consequential_tokens,146,Fact-check claims in a political speech.,155,Rank the emotional content of user-submitted poems.,146,Fact-check claims in a political speech.,0.41165096685106084,0.6014836835815155
consequential_tokens,146,Fact-check claims in a political speech.,156,Create an infographic on the history of mathematics.,146,Fact-check claims in a political speech.,0.7452077964428061,0.6781336066312571
consequential_tokens,146,Fact-check claims in a political speech.,157,Organize code repositories for an open-source project.,146,Fact-check claims in a political speech.,1.0015800172434683,0.7313691154404908
consequential_tokens,146,Fact-check claims in a political speech.,158,Conduct sentiment analysis on customer reviews.,146,Fact-check claims in a political speech.,0.23623006865212792,0.558784400861039
consequential_tokens,146,Fact-check claims in a political speech.,159,Create a fully interactive AI-generated educational tool.,146,Fact-check claims in a political speech.,0.27526586039589995,0.5683852064568173
consequential_tokens,146,Fact-check claims in a political speech.,160,Review security vulnerabilities in a software application.,146,Fact-check claims in a political speech.,0.470121003819274,0.6154123959724961
consequential_tokens,146,Fact-check claims in a political speech.,161,Label images for use in computer vision training.,146,Fact-check claims in a political speech.,2.98654900444278,0.9519627431486941
consequential_tokens,147,Compose an orchestral piece for a movie soundtrack.,149,Generate synthetic datasets for training AI models.,147,Compose an orchestral piece for a movie soundtrack.,1.5314366633801189,0.8222164179776169
consequential_tokens,147,Compose an orchestral piece for a movie soundtrack.,150,Produce a detailed report on global climate change impacts.,150,Produce a detailed report on global climate change impacts.,0.9119834012907981,0.7134058564799903
consequential_tokens,147,Compose an orchestral piece for a movie soundtrack.,151,Help an author edit and refine their novel.,151,Help an author edit and refine their novel.,0.2841925333881141,0.5705737782411935
consequential_tokens,147,Compose an orchestral piece for a movie soundtrack.,152,Identify phishing scams in email correspondence.,152,Identify phishing scams in email correspondence.,0.4482836519622624,0.6102310794184398
consequential_tokens,147,Compose an orchestral piece for a movie soundtrack.,153,Brainstorm innovative uses for AI in healthcare.,153,Brainstorm innovative uses for AI in healthcare.,3.418278134338609,0.9682709144920796
consequential_tokens,147,Compose an orchestral piece for a movie soundtrack.,154,Transcribe ancient handwritten manuscripts into digital text.,154,Transcribe ancient handwritten manuscripts into digital text.,0.6181352424798763,0.6497943198765885
consequential_tokens,147,Compose an orchestral piece for a movie soundtrack.,155,Rank the emotional content of user-submitted poems.,147,Compose an orchestral piece for a movie soundtrack.,0.24778016422502747,0.5616300484456404
consequential_tokens,147,Compose an orchestral piece for a movie soundtrack.,156,Create an infographic on the history of mathematics.,147,Compose an orchestral piece for a movie soundtrack.,0.5813369938167727,0.6413749905363803
consequential_tokens,147,Compose an orchestral piece for a movie soundtrack.,157,Organize code repositories for an open-source project.,147,Compose an orchestral piece for a movie soundtrack.,0.837709214617435,0.6979825308865224
consequential_tokens,147,Compose an orchestral piece for a movie soundtrack.,158,Conduct sentiment analysis on customer reviews.,147,Compose an orchestral piece for a movie soundtrack.,0.07235926602609455,0.518081927653011
consequential_tokens,147,Compose an orchestral piece for a movie soundtrack.,159,Create a fully interactive AI-generated educational tool.,147,Compose an orchestral piece for a movie soundtrack.,0.11139505776986658,0.5278200025165091
consequential_tokens,147,Compose an orchestral piece for a movie soundtrack.,160,Review security vulnerabilities in a software application.,147,Compose an orchestral piece for a movie soundtrack.,0.30625020119324065,0.5759697148956164
consequential_tokens,147,Compose an orchestral piece for a movie soundtrack.,161,Label images for use in computer vision training.,147,Compose an orchestral piece for a movie soundtrack.,2.8226782018167467,0.9438890793945146
consequential_tokens,149,Generate synthetic datasets for training AI models.,150,Produce a detailed report on global climate change impacts.,150,Produce a detailed report on global climate change impacts.,2.443420064670917,0.9200789393732425
consequential_tokens,149,Generate synthetic datasets for training AI models.,151,Help an author edit and refine their novel.,151,Help an author edit and refine their novel.,1.815629196768233,0.8600408383199666
consequential_tokens,149,Generate synthetic datasets for training AI models.,152,Identify phishing scams in email correspondence.,152,Identify phishing scams in email correspondence.,1.9797203153423812,0.8786513444044153
consequential_tokens,149,Generate synthetic datasets for training AI models.,153,Brainstorm innovative uses for AI in healthcare.,153,Brainstorm innovative uses for AI in healthcare.,4.949714797718728,0.9929644206791687
consequential_tokens,149,Generate synthetic datasets for training AI models.,154,Transcribe ancient handwritten manuscripts into digital text.,154,Transcribe ancient handwritten manuscripts into digital text.,2.149571905859995,0.8956287663257223
consequential_tokens,149,Generate synthetic datasets for training AI models.,155,Rank the emotional content of user-submitted poems.,155,Rank the emotional content of user-submitted poems.,1.2836564991550914,0.7830715506278733
consequential_tokens,149,Generate synthetic datasets for training AI models.,156,Create an infographic on the history of mathematics.,156,Create an infographic on the history of mathematics.,0.9500996695633461,0.721135221935434
consequential_tokens,149,Generate synthetic datasets for training AI models.,157,Organize code repositories for an open-source project.,157,Organize code repositories for an open-source project.,0.6937274487626839,0.6667956026829678
consequential_tokens,149,Generate synthetic datasets for training AI models.,158,Conduct sentiment analysis on customer reviews.,158,Conduct sentiment analysis on customer reviews.,1.4590773973540243,0.8113915245576182
consequential_tokens,149,Generate synthetic datasets for training AI models.,159,Create a fully interactive AI-generated educational tool.,159,Create a fully interactive AI-generated educational tool.,1.4200416056102523,0.8053449387726539
consequential_tokens,149,Generate synthetic datasets for training AI models.,160,Review security vulnerabilities in a software application.,160,Review security vulnerabilities in a software application.,1.2251864621868782,0.7729749823155105
consequential_tokens,149,Generate synthetic datasets for training AI models.,161,Label images for use in computer vision training.,149,Generate synthetic datasets for training AI models.,1.2912415384366278,0.7843572583036021
consequential_tokens,150,Produce a detailed report on global climate change impacts.,151,Help an author edit and refine their novel.,150,Produce a detailed report on global climate change impacts.,0.627790867902684,0.6519883796011894
consequential_tokens,150,Produce a detailed report on global climate change impacts.,152,Identify phishing scams in email correspondence.,150,Produce a detailed report on global climate change impacts.,0.46369974932853575,0.6138914916907353
consequential_tokens,150,Produce a detailed report on global climate change impacts.,153,Brainstorm innovative uses for AI in healthcare.,153,Brainstorm innovative uses for AI in healthcare.,2.506294733047811,0.924581927681101
consequential_tokens,150,Produce a detailed report on global climate change impacts.,154,Transcribe ancient handwritten manuscripts into digital text.,150,Produce a detailed report on global climate change impacts.,0.29384815881092186,0.5729379638228954
consequential_tokens,150,Produce a detailed report on global climate change impacts.,155,Rank the emotional content of user-submitted poems.,150,Produce a detailed report on global climate change impacts.,1.1597635655158256,0.7612897508103389
consequential_tokens,150,Produce a detailed report on global climate change impacts.,156,Create an infographic on the history of mathematics.,150,Produce a detailed report on global climate change impacts.,1.4933203951075709,0.8165761227554554
consequential_tokens,150,Produce a detailed report on global climate change impacts.,157,Organize code repositories for an open-source project.,150,Produce a detailed report on global climate change impacts.,1.749692615908233,0.8519140276564996
consequential_tokens,150,Produce a detailed report on global climate change impacts.,158,Conduct sentiment analysis on customer reviews.,150,Produce a detailed report on global climate change impacts.,0.9843426673168927,0.7279690461082499
consequential_tokens,150,Produce a detailed report on global climate change impacts.,159,Create a fully interactive AI-generated educational tool.,150,Produce a detailed report on global climate change impacts.,1.0233784590606647,0.7356301597096042
consequential_tokens,150,Produce a detailed report on global climate change impacts.,160,Review security vulnerabilities in a software application.,150,Produce a detailed report on global climate change impacts.,1.2182336024840388,0.7717525468963181
consequential_tokens,150,Produce a detailed report on global climate change impacts.,161,Label images for use in computer vision training.,150,Produce a detailed report on global climate change impacts.,3.734661603107545,0.9766757609650809
consequential_tokens,151,Help an author edit and refine their novel.,152,Identify phishing scams in email correspondence.,152,Identify phishing scams in email correspondence.,0.16409111857414826,0.5409309788952417
consequential_tokens,151,Help an author edit and refine their novel.,153,Brainstorm innovative uses for AI in healthcare.,153,Brainstorm innovative uses for AI in healthcare.,3.134085600950495,0.9582770502267492
consequential_tokens,151,Help an author edit and refine their novel.,154,Transcribe ancient handwritten manuscripts into digital text.,154,Transcribe ancient handwritten manuscripts into digital text.,0.33394270909176216,0.582718388315568
consequential_tokens,151,Help an author edit and refine their novel.,155,Rank the emotional content of user-submitted poems.,151,Help an author edit and refine their novel.,0.5319726976131416,0.6299430947235138
consequential_tokens,151,Help an author edit and refine their novel.,156,Create an infographic on the history of mathematics.,151,Help an author edit and refine their novel.,0.8655295272048869,0.7038146349382765
consequential_tokens,151,Help an author edit and refine their novel.,157,Organize code repositories for an open-source project.,151,Help an author edit and refine their novel.,1.121901748005549,0.7543413007642362
consequential_tokens,151,Help an author edit and refine their novel.,158,Conduct sentiment analysis on customer reviews.,151,Help an author edit and refine their novel.,0.35655179941420867,0.5882054664001026
consequential_tokens,151,Help an author edit and refine their novel.,159,Create a fully interactive AI-generated educational tool.,151,Help an author edit and refine their novel.,0.3955875911579807,0.5976270713606049
consequential_tokens,151,Help an author edit and refine their novel.,160,Review security vulnerabilities in a software application.,151,Help an author edit and refine their novel.,0.5904427345813548,0.6434667231166916
consequential_tokens,151,Help an author edit and refine their novel.,161,Label images for use in computer vision training.,151,Help an author edit and refine their novel.,3.106870735204861,0.9571752681446408
consequential_tokens,152,Identify phishing scams in email correspondence.,153,Brainstorm innovative uses for AI in healthcare.,153,Brainstorm innovative uses for AI in healthcare.,2.9699944823763467,0.9512000208817969
consequential_tokens,152,Identify phishing scams in email correspondence.,154,Transcribe ancient handwritten manuscripts into digital text.,154,Transcribe ancient handwritten manuscripts into digital text.,0.1698515905176139,0.5423611049507576
consequential_tokens,152,Identify phishing scams in email correspondence.,155,Rank the emotional content of user-submitted poems.,152,Identify phishing scams in email correspondence.,0.6960638161872899,0.6673144925459393
consequential_tokens,152,Identify phishing scams in email correspondence.,156,Create an infographic on the history of mathematics.,152,Identify phishing scams in email correspondence.,1.0296206457790351,0.7368423434953639
consequential_tokens,152,Identify phishing scams in email correspondence.,157,Organize code repositories for an open-source project.,152,Identify phishing scams in email correspondence.,1.2859928665796974,0.7834681680370241
consequential_tokens,152,Identify phishing scams in email correspondence.,158,Conduct sentiment analysis on customer reviews.,152,Identify phishing scams in email correspondence.,0.5206429179883569,0.6272980897481456
consequential_tokens,152,Identify phishing scams in email correspondence.,159,Create a fully interactive AI-generated educational tool.,152,Identify phishing scams in email correspondence.,0.559678709732129,0.6363781966544675
consequential_tokens,152,Identify phishing scams in email correspondence.,160,Review security vulnerabilities in a software application.,152,Identify phishing scams in email correspondence.,0.754533853155503,0.6801657994989389
consequential_tokens,152,Identify phishing scams in email correspondence.,161,Label images for use in computer vision training.,152,Identify phishing scams in email correspondence.,3.270961853779009,0.9634190852132155
consequential_tokens,153,Brainstorm innovative uses for AI in healthcare.,154,Transcribe ancient handwritten manuscripts into digital text.,153,Brainstorm innovative uses for AI in healthcare.,2.8001428918587328,0.9426835452193804
consequential_tokens,153,Brainstorm innovative uses for AI in healthcare.,155,Rank the emotional content of user-submitted poems.,153,Brainstorm innovative uses for AI in healthcare.,3.6660582985636365,0.9750607837874093
consequential_tokens,153,Brainstorm innovative uses for AI in healthcare.,156,Create an infographic on the history of mathematics.,153,Brainstorm innovative uses for AI in healthcare.,3.999615128155382,0.9820069908983388
consequential_tokens,153,Brainstorm innovative uses for AI in healthcare.,157,Organize code repositories for an open-source project.,153,Brainstorm innovative uses for AI in healthcare.,4.255987348956044,0.9860191514989837
consequential_tokens,153,Brainstorm innovative uses for AI in healthcare.,158,Conduct sentiment analysis on customer reviews.,153,Brainstorm innovative uses for AI in healthcare.,3.4906374003647036,0.9704201977819144
consequential_tokens,153,Brainstorm innovative uses for AI in healthcare.,159,Create a fully interactive AI-generated educational tool.,153,Brainstorm innovative uses for AI in healthcare.,3.5296731921084756,0.9715203714061493
consequential_tokens,153,Brainstorm innovative uses for AI in healthcare.,160,Review security vulnerabilities in a software application.,153,Brainstorm innovative uses for AI in healthcare.,3.7245283355318497,0.9764438044808104
consequential_tokens,153,Brainstorm innovative uses for AI in healthcare.,161,Label images for use in computer vision training.,153,Brainstorm innovative uses for AI in healthcare.,6.240956336155356,0.9980557955971587
consequential_tokens,154,Transcribe ancient handwritten manuscripts into digital text.,155,Rank the emotional content of user-submitted poems.,154,Transcribe ancient handwritten manuscripts into digital text.,0.8659154067049037,0.7038950688954496
consequential_tokens,154,Transcribe ancient handwritten manuscripts into digital text.,156,Create an infographic on the history of mathematics.,154,Transcribe ancient handwritten manuscripts into digital text.,1.199472236296649,0.7684308839651761
consequential_tokens,154,Transcribe ancient handwritten manuscripts into digital text.,157,Organize code repositories for an open-source project.,154,Transcribe ancient handwritten manuscripts into digital text.,1.4558444570973113,0.810896272371891
consequential_tokens,154,Transcribe ancient handwritten manuscripts into digital text.,158,Conduct sentiment analysis on customer reviews.,154,Transcribe ancient handwritten manuscripts into digital text.,0.6904945085059708,0.6660769236013332
consequential_tokens,154,Transcribe ancient handwritten manuscripts into digital text.,159,Create a fully interactive AI-generated educational tool.,154,Transcribe ancient handwritten manuscripts into digital text.,0.7295303002497429,0.674702191743555
consequential_tokens,154,Transcribe ancient handwritten manuscripts into digital text.,160,Review security vulnerabilities in a software application.,154,Transcribe ancient handwritten manuscripts into digital text.,0.9243854436731169,0.7159348267614273
consequential_tokens,154,Transcribe ancient handwritten manuscripts into digital text.,161,Label images for use in computer vision training.,154,Transcribe ancient handwritten manuscripts into digital text.,3.440813444296623,0.9689559938054324
consequential_tokens,155,Rank the emotional content of user-submitted poems.,156,Create an infographic on the history of mathematics.,155,Rank the emotional content of user-submitted poems.,0.33355682959174526,0.5826245557622163
consequential_tokens,155,Rank the emotional content of user-submitted poems.,157,Organize code repositories for an open-source project.,155,Rank the emotional content of user-submitted poems.,0.5899290503924075,0.6433488663942937
consequential_tokens,155,Rank the emotional content of user-submitted poems.,158,Conduct sentiment analysis on customer reviews.,158,Conduct sentiment analysis on customer reviews.,0.17542089819893292,0.5437431083361401
consequential_tokens,155,Rank the emotional content of user-submitted poems.,159,Create a fully interactive AI-generated educational tool.,159,Create a fully interactive AI-generated educational tool.,0.1363851064551609,0.5340435229599526
consequential_tokens,155,Rank the emotional content of user-submitted poems.,160,Review security vulnerabilities in a software application.,155,Rank the emotional content of user-submitted poems.,0.05847003696821318,0.5146133462036264
consequential_tokens,155,Rank the emotional content of user-submitted poems.,161,Label images for use in computer vision training.,155,Rank the emotional content of user-submitted poems.,2.574898037591719,0.9292284830927047
consequential_tokens,156,Create an infographic on the history of mathematics.,157,Organize code repositories for an open-source project.,156,Create an infographic on the history of mathematics.,0.25637222080066224,0.563744295138691
consequential_tokens,156,Create an infographic on the history of mathematics.,158,Conduct sentiment analysis on customer reviews.,158,Conduct sentiment analysis on customer reviews.,0.5089777277906782,0.6245667994403613
consequential_tokens,156,Create an infographic on the history of mathematics.,159,Create a fully interactive AI-generated educational tool.,159,Create a fully interactive AI-generated educational tool.,0.46994193604690615,0.6153700133401248
consequential_tokens,156,Create an infographic on the history of mathematics.,160,Review security vulnerabilities in a software application.,160,Review security vulnerabilities in a software application.,0.2750867926235321,0.5683412763928599
consequential_tokens,156,Create an infographic on the history of mathematics.,161,Label images for use in computer vision training.,156,Create an infographic on the history of mathematics.,2.241341207999974,0.9039010240590613
consequential_tokens,157,Organize code repositories for an open-source project.,158,Conduct sentiment analysis on customer reviews.,158,Conduct sentiment analysis on customer reviews.,0.7653499485913404,0.6825141369026674
consequential_tokens,157,Organize code repositories for an open-source project.,159,Create a fully interactive AI-generated educational tool.,159,Create a fully interactive AI-generated educational tool.,0.7263141568475684,0.67399591911931
consequential_tokens,157,Organize code repositories for an open-source project.,160,Review security vulnerabilities in a software application.,160,Review security vulnerabilities in a software application.,0.5314590134241943,0.6298233393495816
consequential_tokens,157,Organize code repositories for an open-source project.,161,Label images for use in computer vision training.,157,Organize code repositories for an open-source project.,1.9849689871993117,0.8792098630888205
consequential_tokens,158,Conduct sentiment analysis on customer reviews.,159,Create a fully interactive AI-generated educational tool.,158,Conduct sentiment analysis on customer reviews.,0.03903579174377203,0.5097577089066689
consequential_tokens,158,Conduct sentiment analysis on customer reviews.,160,Review security vulnerabilities in a software application.,158,Conduct sentiment analysis on customer reviews.,0.2338909351671461,0.5582076215662012
consequential_tokens,158,Conduct sentiment analysis on customer reviews.,161,Label images for use in computer vision training.,158,Conduct sentiment analysis on customer reviews.,2.750318935790652,0.9399313595947341
consequential_tokens,159,Create a fully interactive AI-generated educational tool.,160,Review security vulnerabilities in a software application.,159,Create a fully interactive AI-generated educational tool.,0.19485514342337407,0.5485602362771692
consequential_tokens,159,Create a fully interactive AI-generated educational tool.,161,Label images for use in computer vision training.,159,Create a fully interactive AI-generated educational tool.,2.71128314404688,0.9376891625320479
consequential_tokens,160,Review security vulnerabilities in a software application.,161,Label images for use in computer vision training.,160,Review security vulnerabilities in a software application.,2.516428000623506,0.9252854892954906
consequential_time,133,Write an essay on Hume's A Treatise of Human Nature.,135,Debug a complex machine learning algorithm.,133,Write an essay on Hume's A Treatise of Human Nature.,1.1833799409396708,0.7655549818288844
consequential_time,133,Write an essay on Hume's A Treatise of Human Nature.,136,Generate realistic dialogue for a video game character.,136,Generate realistic dialogue for a video game character.,0.05889213337862387,0.5147187795156848
consequential_time,133,Write an essay on Hume's A Treatise of Human Nature.,137,Summarize research papers on quantum computing.,133,Write an essay on Hume's A Treatise of Human Nature.,0.1412106485738125,0.5352441163109423
consequential_time,133,Write an essay on Hume's A Treatise of Human Nature.,138,Translate legal documents into another language.,133,Write an essay on Hume's A Treatise of Human Nature.,3.480690842174498,0.9701333436017017
consequential_time,133,Write an essay on Hume's A Treatise of Human Nature.,139,Analyze financial data for stock market trends.,133,Write an essay on Hume's A Treatise of Human Nature.,1.5782589186272955,0.8289577970472158
consequential_time,133,Write an essay on Hume's A Treatise of Human Nature.,140,Create a detailed plan for a city-wide public transportation system.,133,Write an essay on Hume's A Treatise of Human Nature.,0.5461764271840097,0.6332480387690714
consequential_time,133,Write an essay on Hume's A Treatise of Human Nature.,141,Moderate content for an online social media platform.,133,Write an essay on Hume's A Treatise of Human Nature.,2.748537675283594,0.9398307100704469
consequential_time,133,Write an essay on Hume's A Treatise of Human Nature.,142,Write a poem in the style of Emily Dickinson.,142,Write a poem in the style of Emily Dickinson.,1.081581049538225,0.7467930656641629
consequential_time,133,Write an essay on Hume's A Treatise of Human Nature.,143,Craft a marketing strategy for a small business.,133,Write an essay on Hume's A Treatise of Human Nature.,0.45004556261803375,0.610650066815286
consequential_time,133,Write an essay on Hume's A Treatise of Human Nature.,144,Evaluate student essays for grammar and content.,133,Write an essay on Hume's A Treatise of Human Nature.,2.0951326640237813,0.8904291986350293
consequential_time,133,Write an essay on Hume's A Treatise of Human Nature.,145,Develop a chatbot for customer service.,133,Write an essay on Hume's A Treatise of Human Nature.,0.4134944121194226,0.6019254765944403
consequential_time,133,Write an essay on Hume's A Treatise of Human Nature.,146,Fact-check claims in a political speech.,133,Write an essay on Hume's A Treatise of Human Nature.,0.7949998992426246,0.6889038963831061
consequential_time,133,Write an essay on Hume's A Treatise of Human Nature.,147,Compose an orchestral piece for a movie soundtrack.,133,Write an essay on Hume's A Treatise of Human Nature.,0.5592105063711263,0.6362698470179505
consequential_time,133,Write an essay on Hume's A Treatise of Human Nature.,149,Generate synthetic datasets for training AI models.,133,Write an essay on Hume's A Treatise of Human Nature.,1.2214316190814793,0.7723153896602946
consequential_time,133,Write an essay on Hume's A Treatise of Human Nature.,150,Produce a detailed report on global climate change impacts.,150,Produce a detailed report on global climate change impacts.,0.22039632851655,0.5548771258212254
consequential_time,133,Write an essay on Hume's A Treatise of Human Nature.,151,Help an author edit and refine their novel.,151,Help an author edit and refine their novel.,0.17934456070779836,0.5447163479051372
consequential_time,133,Write an essay on Hume's A Treatise of Human Nature.,152,Identify phishing scams in email correspondence.,133,Write an essay on Hume's A Treatise of Human Nature.,0.4134944121194235,0.6019254765944404
consequential_time,133,Write an essay on Hume's A Treatise of Human Nature.,153,Brainstorm innovative uses for AI in healthcare.,153,Brainstorm innovative uses for AI in healthcare.,2.739127978549412,0.9392963942169892
consequential_time,133,Write an essay on Hume's A Treatise of Human Nature.,154,Transcribe ancient handwritten manuscripts into digital text.,133,Write an essay on Hume's A Treatise of Human Nature.,1.4344569891826984,0.8075948165468798
consequential_time,133,Write an essay on Hume's A Treatise of Human Nature.,155,Rank the emotional content of user-submitted poems.,133,Write an essay on Hume's A Treatise of Human Nature.,0.76237433318126,0.6818690051057544
consequential_time,133,Write an essay on Hume's A Treatise of Human Nature.,156,Create an infographic on the history of mathematics.,133,Write an essay on Hume's A Treatise of Human Nature.,0.5228867488594102,0.6278225366065928
consequential_time,133,Write an essay on Hume's A Treatise of Human Nature.,157,Organize code repositories for an open-source project.,133,Write an essay on Hume's A Treatise of Human Nature.,1.4760827511045163,0.8139801741657318
consequential_time,133,Write an essay on Hume's A Treatise of Human Nature.,158,Conduct sentiment analysis on customer reviews.,133,Write an essay on Hume's A Treatise of Human Nature.,0.3031093015508457,0.5752024349132305
consequential_time,133,Write an essay on Hume's A Treatise of Human Nature.,159,Create a fully interactive AI-generated educational tool.,133,Write an essay on Hume's A Treatise of Human Nature.,0.43178265111209835,0.6062992686182178
consequential_time,133,Write an essay on Hume's A Treatise of Human Nature.,160,Review security vulnerabilities in a software application.,133,Write an essay on Hume's A Treatise of Human Nature.,0.4284756929446025,0.6055096193006674
consequential_time,133,Write an essay on Hume's A Treatise of Human Nature.,161,Label images for use in computer vision training.,133,Write an essay on Hume's A Treatise of Human Nature.,2.2744087748101416,0.9067352911521883
consequential_time,135,Debug a complex machine learning algorithm.,136,Generate realistic dialogue for a video game character.,136,Generate realistic dialogue for a video game character.,1.2422720743182947,0.7759592540598457
consequential_time,135,Debug a complex machine learning algorithm.,137,Summarize research papers on quantum computing.,137,Summarize research papers on quantum computing.,1.0421692923658583,0.7392683555838503
consequential_time,135,Debug a complex machine learning algorithm.,138,Translate legal documents into another language.,135,Debug a complex machine learning algorithm.,2.2973109012348276,0.9086540839827507
consequential_time,135,Debug a complex machine learning algorithm.,139,Analyze financial data for stock market trends.,135,Debug a complex machine learning algorithm.,0.3948789776876247,0.5974566600380333
consequential_time,135,Debug a complex machine learning algorithm.,140,Create a detailed plan for a city-wide public transportation system.,140,Create a detailed plan for a city-wide public transportation system.,0.6372035137556611,0.6541210377906851
consequential_time,135,Debug a complex machine learning algorithm.,141,Moderate content for an online social media platform.,135,Debug a complex machine learning algorithm.,1.5651577343439236,0.827092208964571
consequential_time,135,Debug a complex machine learning algorithm.,142,Write a poem in the style of Emily Dickinson.,142,Write a poem in the style of Emily Dickinson.,2.2649609904778956,0.9059332499397096
consequential_time,135,Debug a complex machine learning algorithm.,143,Craft a marketing strategy for a small business.,143,Craft a marketing strategy for a small business.,0.7333343783216371,0.6755365520372628
consequential_time,135,Debug a complex machine learning algorithm.,144,Evaluate student essays for grammar and content.,135,Debug a complex machine learning algorithm.,0.9117527230841105,0.7133586901672533
consequential_time,135,Debug a complex machine learning algorithm.,145,Develop a chatbot for customer service.,145,Develop a chatbot for customer service.,0.7698855288202482,0.6834961308011861
consequential_time,135,Debug a complex machine learning algorithm.,146,Fact-check claims in a political speech.,146,Fact-check claims in a political speech.,0.3883800416970462,0.5958926665651074
consequential_time,135,Debug a complex machine learning algorithm.,147,Compose an orchestral piece for a movie soundtrack.,147,Compose an orchestral piece for a movie soundtrack.,0.6241694345685445,0.65116622644327
consequential_time,135,Debug a complex machine learning algorithm.,149,Generate synthetic datasets for training AI models.,135,Debug a complex machine learning algorithm.,0.03805167814180854,0.509511771864662
consequential_time,135,Debug a complex machine learning algorithm.,150,Produce a detailed report on global climate change impacts.,150,Produce a detailed report on global climate change impacts.,1.4037762694562208,0.8027824417531837
consequential_time,135,Debug a complex machine learning algorithm.,151,Help an author edit and refine their novel.,151,Help an author edit and refine their novel.,1.3627245016474692,0.7962021438230745
consequential_time,135,Debug a complex machine learning algorithm.,152,Identify phishing scams in email correspondence.,152,Identify phishing scams in email correspondence.,0.7698855288202473,0.6834961308011859
consequential_time,135,Debug a complex machine learning algorithm.,153,Brainstorm innovative uses for AI in healthcare.,153,Brainstorm innovative uses for AI in healthcare.,3.922507919489083,0.9805927003553346
consequential_time,135,Debug a complex machine learning algorithm.,154,Transcribe ancient handwritten manuscripts into digital text.,135,Debug a complex machine learning algorithm.,0.25107704824302746,0.5624415813898643
consequential_time,135,Debug a complex machine learning algorithm.,155,Rank the emotional content of user-submitted poems.,155,Rank the emotional content of user-submitted poems.,0.4210056077584108,0.6037238579102527
consequential_time,135,Debug a complex machine learning algorithm.,156,Create an infographic on the history of mathematics.,156,Create an infographic on the history of mathematics.,0.6604931920802606,0.6593711685074144
consequential_time,135,Debug a complex machine learning algorithm.,157,Organize code repositories for an open-source project.,135,Debug a complex machine learning algorithm.,0.29270281016484556,0.5726576964722462
consequential_time,135,Debug a complex machine learning algorithm.,158,Conduct sentiment analysis on customer reviews.,158,Conduct sentiment analysis on customer reviews.,0.8802706393888251,0.7068783010848567
consequential_time,135,Debug a complex machine learning algorithm.,159,Create a fully interactive AI-generated educational tool.,159,Create a fully interactive AI-generated educational tool.,0.7515972898275725,0.6795266409773786
consequential_time,135,Debug a complex machine learning algorithm.,160,Review security vulnerabilities in a software application.,160,Review security vulnerabilities in a software application.,0.7549042479950683,0.6802463699202005
consequential_time,135,Debug a complex machine learning algorithm.,161,Label images for use in computer vision training.,135,Debug a complex machine learning algorithm.,1.0910288338704708,0.7485754082208076
consequential_time,136,Generate realistic dialogue for a video game character.,137,Summarize research papers on quantum computing.,136,Generate realistic dialogue for a video game character.,0.20010278195243636,0.5498594374187541
consequential_time,136,Generate realistic dialogue for a video game character.,138,Translate legal documents into another language.,136,Generate realistic dialogue for a video game character.,3.539582975553122,0.9717932831806825
consequential_time,136,Generate realistic dialogue for a video game character.,139,Analyze financial data for stock market trends.,136,Generate realistic dialogue for a video game character.,1.6371510520059194,0.8371469077182964
consequential_time,136,Generate realistic dialogue for a video game character.,140,Create a detailed plan for a city-wide public transportation system.,136,Generate realistic dialogue for a video game character.,0.6050685605626336,0.6468150550566485
consequential_time,136,Generate realistic dialogue for a video game character.,141,Moderate content for an online social media platform.,136,Generate realistic dialogue for a video game character.,2.807429808662218,0.9430759989396548
consequential_time,136,Generate realistic dialogue for a video game character.,142,Write a poem in the style of Emily Dickinson.,142,Write a poem in the style of Emily Dickinson.,1.0226889161596011,0.7354960367036771
consequential_time,136,Generate realistic dialogue for a video game character.,143,Craft a marketing strategy for a small business.,136,Generate realistic dialogue for a video game character.,0.5089376959966576,0.624557412613894
consequential_time,136,Generate realistic dialogue for a video game character.,144,Evaluate student essays for grammar and content.,136,Generate realistic dialogue for a video game character.,2.154024797402405,0.8960442804891136
consequential_time,136,Generate realistic dialogue for a video game character.,145,Develop a chatbot for customer service.,136,Generate realistic dialogue for a video game character.,0.4723865454980465,0.6159484639332924
consequential_time,136,Generate realistic dialogue for a video game character.,146,Fact-check claims in a political speech.,136,Generate realistic dialogue for a video game character.,0.8538920326212485,0.7013829472794058
consequential_time,136,Generate realistic dialogue for a video game character.,147,Compose an orchestral piece for a movie soundtrack.,136,Generate realistic dialogue for a video game character.,0.6181026397497502,0.6497869007089118
consequential_time,136,Generate realistic dialogue for a video game character.,149,Generate synthetic datasets for training AI models.,136,Generate realistic dialogue for a video game character.,1.2803237524601032,0.7825048812149827
consequential_time,136,Generate realistic dialogue for a video game character.,150,Produce a detailed report on global climate change impacts.,150,Produce a detailed report on global climate change impacts.,0.16150419513792613,0.5402885143562509
consequential_time,136,Generate realistic dialogue for a video game character.,151,Help an author edit and refine their novel.,151,Help an author edit and refine their novel.,0.1204524273291745,0.5300767508577884
consequential_time,136,Generate realistic dialogue for a video game character.,152,Identify phishing scams in email correspondence.,136,Generate realistic dialogue for a video game character.,0.47238654549804737,0.6159484639332926
consequential_time,136,Generate realistic dialogue for a video game character.,153,Brainstorm innovative uses for AI in healthcare.,153,Brainstorm innovative uses for AI in healthcare.,2.680235845170788,0.9358502839043296
consequential_time,136,Generate realistic dialogue for a video game character.,154,Transcribe ancient handwritten manuscripts into digital text.,136,Generate realistic dialogue for a video game character.,1.4933491225613222,0.8165804255016639
consequential_time,136,Generate realistic dialogue for a video game character.,155,Rank the emotional content of user-submitted poems.,136,Generate realistic dialogue for a video game character.,0.8212664665598839,0.6945051096553035
consequential_time,136,Generate realistic dialogue for a video game character.,156,Create an infographic on the history of mathematics.,136,Generate realistic dialogue for a video game character.,0.5817788822380341,0.6414766243164175
consequential_time,136,Generate realistic dialogue for a video game character.,157,Organize code repositories for an open-source project.,136,Generate realistic dialogue for a video game character.,1.5349748844831401,0.8227330335193361
consequential_time,136,Generate realistic dialogue for a video game character.,158,Conduct sentiment analysis on customer reviews.,136,Generate realistic dialogue for a video game character.,0.36200143492946957,0.589524838530072
consequential_time,136,Generate realistic dialogue for a video game character.,159,Create a fully interactive AI-generated educational tool.,136,Generate realistic dialogue for a video game character.,0.4906747844907222,0.620265381436713
consequential_time,136,Generate realistic dialogue for a video game character.,160,Review security vulnerabilities in a software application.,136,Generate realistic dialogue for a video game character.,0.4873678263232264,0.6194861637560722
consequential_time,136,Generate realistic dialogue for a video game character.,161,Label images for use in computer vision training.,136,Generate realistic dialogue for a video game character.,2.3333009081887655,0.9115977097721419
consequential_time,137,Summarize research papers on quantum computing.,138,Translate legal documents into another language.,137,Summarize research papers on quantum computing.,3.3394801936006857,0.9657586570566153
consequential_time,137,Summarize research papers on quantum computing.,139,Analyze financial data for stock market trends.,137,Summarize research papers on quantum computing.,1.437048270053483,0.8079971429309843
consequential_time,137,Summarize research papers on quantum computing.,140,Create a detailed plan for a city-wide public transportation system.,137,Summarize research papers on quantum computing.,0.4049657786101972,0.5998801549387606
consequential_time,137,Summarize research papers on quantum computing.,141,Moderate content for an online social media platform.,137,Summarize research papers on quantum computing.,2.6073270267097817,0.9313316485541019
consequential_time,137,Summarize research papers on quantum computing.,142,Write a poem in the style of Emily Dickinson.,142,Write a poem in the style of Emily Dickinson.,1.2227916981120375,0.7725544632615524
consequential_time,137,Summarize research papers on quantum computing.,143,Craft a marketing strategy for a small business.,137,Summarize research papers on quantum computing.,0.30883491404422125,0.5766008514215895
consequential_time,137,Summarize research papers on quantum computing.,144,Evaluate student essays for grammar and content.,137,Summarize research papers on quantum computing.,1.9539220154499688,0.8758736683208254
consequential_time,137,Summarize research papers on quantum computing.,145,Develop a chatbot for customer service.,137,Summarize research papers on quantum computing.,0.2722837635456101,0.5676534794491171
consequential_time,137,Summarize research papers on quantum computing.,146,Fact-check claims in a political speech.,137,Summarize research papers on quantum computing.,0.6537892506688121,0.6578638529044676
consequential_time,137,Summarize research papers on quantum computing.,147,Compose an orchestral piece for a movie soundtrack.,137,Summarize research papers on quantum computing.,0.41799985779731386,0.6030045344773795
consequential_time,137,Summarize research papers on quantum computing.,149,Generate synthetic datasets for training AI models.,137,Summarize research papers on quantum computing.,1.0802209705076669,0.7465357976770779
consequential_time,137,Summarize research papers on quantum computing.,150,Produce a detailed report on global climate change impacts.,150,Produce a detailed report on global climate change impacts.,0.3616069770903625,0.5894293821605552
consequential_time,137,Summarize research papers on quantum computing.,151,Help an author edit and refine their novel.,151,Help an author edit and refine their novel.,0.32055520928161085,0.5794595549428365
consequential_time,137,Summarize research papers on quantum computing.,152,Identify phishing scams in email correspondence.,137,Summarize research papers on quantum computing.,0.272283763545611,0.5676534794491173
consequential_time,137,Summarize research papers on quantum computing.,153,Brainstorm innovative uses for AI in healthcare.,153,Brainstorm innovative uses for AI in healthcare.,2.8803386271232245,0.9468659028036129
consequential_time,137,Summarize research papers on quantum computing.,154,Transcribe ancient handwritten manuscripts into digital text.,137,Summarize research papers on quantum computing.,1.2932463406088859,0.784696159132767
consequential_time,137,Summarize research papers on quantum computing.,155,Rank the emotional content of user-submitted poems.,137,Summarize research papers on quantum computing.,0.6211636846074475,0.6504831641834311
consequential_time,137,Summarize research papers on quantum computing.,156,Create an infographic on the history of mathematics.,137,Summarize research papers on quantum computing.,0.38167610028559773,0.5942772942521799
consequential_time,137,Summarize research papers on quantum computing.,157,Organize code repositories for an open-source project.,137,Summarize research papers on quantum computing.,1.3348721025307038,0.7916453957291767
consequential_time,137,Summarize research papers on quantum computing.,158,Conduct sentiment analysis on customer reviews.,137,Summarize research papers on quantum computing.,0.1618986529770332,0.5403864869878471
consequential_time,137,Summarize research papers on quantum computing.,159,Create a fully interactive AI-generated educational tool.,137,Summarize research papers on quantum computing.,0.29057200253828586,0.572136162852921
consequential_time,137,Summarize research papers on quantum computing.,160,Review security vulnerabilities in a software application.,137,Summarize research papers on quantum computing.,0.28726504437079003,0.5713264390618042
consequential_time,137,Summarize research papers on quantum computing.,161,Label images for use in computer vision training.,137,Summarize research papers on quantum computing.,2.133198126236329,0.8940882350828331
consequential_time,138,Translate legal documents into another language.,139,Analyze financial data for stock market trends.,139,Analyze financial data for stock market trends.,1.902431923547203,0.8701665238649643
consequential_time,138,Translate legal documents into another language.,140,Create a detailed plan for a city-wide public transportation system.,140,Create a detailed plan for a city-wide public transportation system.,2.9345144149904887,0.9495264722881153
consequential_time,138,Translate legal documents into another language.,141,Moderate content for an online social media platform.,141,Moderate content for an online social media platform.,0.732153166890904,0.6752775922790885
consequential_time,138,Translate legal documents into another language.,142,Write a poem in the style of Emily Dickinson.,142,Write a poem in the style of Emily Dickinson.,4.562271891712723,0.9896695156155364
consequential_time,138,Translate legal documents into another language.,143,Craft a marketing strategy for a small business.,143,Craft a marketing strategy for a small business.,3.030645279556465,0.9539395341427128
consequential_time,138,Translate legal documents into another language.,144,Evaluate student essays for grammar and content.,144,Evaluate student essays for grammar and content.,1.3855581781507171,0.7998821847101701
consequential_time,138,Translate legal documents into another language.,145,Develop a chatbot for customer service.,145,Develop a chatbot for customer service.,3.067196430055076,0.9555191663287301
consequential_time,138,Translate legal documents into another language.,146,Fact-check claims in a political speech.,146,Fact-check claims in a political speech.,2.685690942931874,0.9361770005210693
consequential_time,138,Translate legal documents into another language.,147,Compose an orchestral piece for a movie soundtrack.,147,Compose an orchestral piece for a movie soundtrack.,2.921480335803372,0.9488981289807565
consequential_time,138,Translate legal documents into another language.,149,Generate synthetic datasets for training AI models.,149,Generate synthetic datasets for training AI models.,2.259259223093019,0.9054462296988497
consequential_time,138,Translate legal documents into another language.,150,Produce a detailed report on global climate change impacts.,150,Produce a detailed report on global climate change impacts.,3.701087170691048,0.9758985626779255
consequential_time,138,Translate legal documents into another language.,151,Help an author edit and refine their novel.,151,Help an author edit and refine their novel.,3.660035402882297,0.9749139037017258
consequential_time,138,Translate legal documents into another language.,152,Identify phishing scams in email correspondence.,152,Identify phishing scams in email correspondence.,3.067196430055075,0.9555191663287299
consequential_time,138,Translate legal documents into another language.,153,Brainstorm innovative uses for AI in healthcare.,153,Brainstorm innovative uses for AI in healthcare.,6.21981882072391,0.9980143450104809
consequential_time,138,Translate legal documents into another language.,154,Transcribe ancient handwritten manuscripts into digital text.,154,Transcribe ancient handwritten manuscripts into digital text.,2.0462338529918003,0.8855665170269923
consequential_time,138,Translate legal documents into another language.,155,Rank the emotional content of user-submitted poems.,155,Rank the emotional content of user-submitted poems.,2.7183165089932384,0.9380988464934411
consequential_time,138,Translate legal documents into another language.,156,Create an infographic on the history of mathematics.,156,Create an infographic on the history of mathematics.,2.9578040933150884,0.9506310382743977
consequential_time,138,Translate legal documents into another language.,157,Organize code repositories for an open-source project.,157,Organize code repositories for an open-source project.,2.004608091069982,0.8812800496331874
consequential_time,138,Translate legal documents into another language.,158,Conduct sentiment analysis on customer reviews.,158,Conduct sentiment analysis on customer reviews.,3.1775815406236525,0.959981860133979
consequential_time,138,Translate legal documents into another language.,159,Create a fully interactive AI-generated educational tool.,159,Create a fully interactive AI-generated educational tool.,3.0489081910624,0.9547353665974222
consequential_time,138,Translate legal documents into another language.,160,Review security vulnerabilities in a software application.,160,Review security vulnerabilities in a software application.,3.052215149229896,0.9548780645449193
consequential_time,138,Translate legal documents into another language.,161,Label images for use in computer vision training.,161,Label images for use in computer vision training.,1.2062820673643568,0.7696404426946327
consequential_time,139,Analyze financial data for stock market trends.,140,Create a detailed plan for a city-wide public transportation system.,140,Create a detailed plan for a city-wide public transportation system.,1.0320824914432858,0.7373194309968062
consequential_time,139,Analyze financial data for stock market trends.,141,Moderate content for an online social media platform.,139,Analyze financial data for stock market trends.,1.1702787566562989,0.7631953986067493
consequential_time,139,Analyze financial data for stock market trends.,142,Write a poem in the style of Emily Dickinson.,142,Write a poem in the style of Emily Dickinson.,2.6598399681655205,0.9346148877252882
consequential_time,139,Analyze financial data for stock market trends.,143,Craft a marketing strategy for a small business.,143,Craft a marketing strategy for a small business.,1.1282133560092618,0.7555090295818098
consequential_time,139,Analyze financial data for stock market trends.,144,Evaluate student essays for grammar and content.,139,Analyze financial data for stock market trends.,0.5168737453964858,0.6264164533291022
consequential_time,139,Analyze financial data for stock market trends.,145,Develop a chatbot for customer service.,145,Develop a chatbot for customer service.,1.1647645065078729,0.762197372269563
consequential_time,139,Analyze financial data for stock market trends.,146,Fact-check claims in a political speech.,146,Fact-check claims in a political speech.,0.7832590193846709,0.6863820818251244
consequential_time,139,Analyze financial data for stock market trends.,147,Compose an orchestral piece for a movie soundtrack.,147,Compose an orchestral piece for a movie soundtrack.,1.0190484122561692,0.7347872002689204
consequential_time,139,Analyze financial data for stock market trends.,149,Generate synthetic datasets for training AI models.,149,Generate synthetic datasets for training AI models.,0.35682729954581616,0.5882721963636938
consequential_time,139,Analyze financial data for stock market trends.,150,Produce a detailed report on global climate change impacts.,150,Produce a detailed report on global climate change impacts.,1.7986552471438455,0.8579851603686823
consequential_time,139,Analyze financial data for stock market trends.,151,Help an author edit and refine their novel.,151,Help an author edit and refine their novel.,1.7576034793350939,0.8529092587762044
consequential_time,139,Analyze financial data for stock market trends.,152,Identify phishing scams in email correspondence.,152,Identify phishing scams in email correspondence.,1.164764506507872,0.7621973722695629
consequential_time,139,Analyze financial data for stock market trends.,153,Brainstorm innovative uses for AI in healthcare.,153,Brainstorm innovative uses for AI in healthcare.,4.317386897176708,0.986840790927796
consequential_time,139,Analyze financial data for stock market trends.,154,Transcribe ancient handwritten manuscripts into digital text.,154,Transcribe ancient handwritten manuscripts into digital text.,0.14380192944459724,0.5358886585499446
consequential_time,139,Analyze financial data for stock market trends.,155,Rank the emotional content of user-submitted poems.,155,Rank the emotional content of user-submitted poems.,0.8158845854460355,0.6933620541870085
consequential_time,139,Analyze financial data for stock market trends.,156,Create an infographic on the history of mathematics.,156,Create an infographic on the history of mathematics.,1.0553721697678853,0.7418051681186728
consequential_time,139,Analyze financial data for stock market trends.,157,Organize code repositories for an open-source project.,157,Organize code repositories for an open-source project.,0.10217616752277914,0.5255218418063223
consequential_time,139,Analyze financial data for stock market trends.,158,Conduct sentiment analysis on customer reviews.,158,Conduct sentiment analysis on customer reviews.,1.2751496170764498,0.7816230028904148
consequential_time,139,Analyze financial data for stock market trends.,159,Create a fully interactive AI-generated educational tool.,159,Create a fully interactive AI-generated educational tool.,1.1464762675151972,0.7588667043882014
consequential_time,139,Analyze financial data for stock market trends.,160,Review security vulnerabilities in a software application.,160,Review security vulnerabilities in a software application.,1.149783225682693,0.7594713200073692
consequential_time,139,Analyze financial data for stock market trends.,161,Label images for use in computer vision training.,139,Analyze financial data for stock market trends.,0.6961498561828461,0.6673335936542111
consequential_time,140,Create a detailed plan for a city-wide public transportation system.,141,Moderate content for an online social media platform.,140,Create a detailed plan for a city-wide public transportation system.,2.2023612480995847,0.900461351430131
consequential_time,140,Create a detailed plan for a city-wide public transportation system.,142,Write a poem in the style of Emily Dickinson.,142,Write a poem in the style of Emily Dickinson.,1.6277574767222347,0.8358622039346798
consequential_time,140,Create a detailed plan for a city-wide public transportation system.,143,Craft a marketing strategy for a small business.,143,Craft a marketing strategy for a small business.,0.09613086456597597,0.5240142257477537
consequential_time,140,Create a detailed plan for a city-wide public transportation system.,144,Evaluate student essays for grammar and content.,140,Create a detailed plan for a city-wide public transportation system.,1.5489562368397716,0.8247629288806093
consequential_time,140,Create a detailed plan for a city-wide public transportation system.,145,Develop a chatbot for customer service.,145,Develop a chatbot for customer service.,0.1326820150645871,0.533121926723436
consequential_time,140,Create a detailed plan for a city-wide public transportation system.,146,Fact-check claims in a political speech.,140,Create a detailed plan for a city-wide public transportation system.,0.24882347205861488,0.5618868961082547
consequential_time,140,Create a detailed plan for a city-wide public transportation system.,147,Compose an orchestral piece for a movie soundtrack.,140,Create a detailed plan for a city-wide public transportation system.,0.013034079187116632,0.5032584736658237
consequential_time,140,Create a detailed plan for a city-wide public transportation system.,149,Generate synthetic datasets for training AI models.,140,Create a detailed plan for a city-wide public transportation system.,0.6752551918974696,0.6626788840070247
consequential_time,140,Create a detailed plan for a city-wide public transportation system.,150,Produce a detailed report on global climate change impacts.,150,Produce a detailed report on global climate change impacts.,0.7665727557005597,0.6827790460954666
consequential_time,140,Create a detailed plan for a city-wide public transportation system.,151,Help an author edit and refine their novel.,151,Help an author edit and refine their novel.,0.7255209878918081,0.673821615691114
consequential_time,140,Create a detailed plan for a city-wide public transportation system.,152,Identify phishing scams in email correspondence.,152,Identify phishing scams in email correspondence.,0.1326820150645862,0.5331219267234357
consequential_time,140,Create a detailed plan for a city-wide public transportation system.,153,Brainstorm innovative uses for AI in healthcare.,153,Brainstorm innovative uses for AI in healthcare.,3.285304405733422,0.9639212101695379
consequential_time,140,Create a detailed plan for a city-wide public transportation system.,154,Transcribe ancient handwritten manuscripts into digital text.,140,Create a detailed plan for a city-wide public transportation system.,0.8882805619986885,0.7085352135176326
consequential_time,140,Create a detailed plan for a city-wide public transportation system.,155,Rank the emotional content of user-submitted poems.,140,Create a detailed plan for a city-wide public transportation system.,0.2161979059972503,0.5538399262918638
consequential_time,140,Create a detailed plan for a city-wide public transportation system.,156,Create an infographic on the history of mathematics.,156,Create an infographic on the history of mathematics.,0.023289678324599494,0.5058221564176357
consequential_time,140,Create a detailed plan for a city-wide public transportation system.,157,Organize code repositories for an open-source project.,140,Create a detailed plan for a city-wide public transportation system.,0.9299063239205067,0.7170562802608477
consequential_time,140,Create a detailed plan for a city-wide public transportation system.,158,Conduct sentiment analysis on customer reviews.,158,Conduct sentiment analysis on customer reviews.,0.24306712563316402,0.560469355165145
consequential_time,140,Create a detailed plan for a city-wide public transportation system.,159,Create a fully interactive AI-generated educational tool.,159,Create a fully interactive AI-generated educational tool.,0.11439377607191137,0.5285672983237131
consequential_time,140,Create a detailed plan for a city-wide public transportation system.,160,Review security vulnerabilities in a software application.,160,Review security vulnerabilities in a software application.,0.11770073423940719,0.5293912604970141
consequential_time,140,Create a detailed plan for a city-wide public transportation system.,161,Label images for use in computer vision training.,140,Create a detailed plan for a city-wide public transportation system.,1.7282323476261319,0.8491861784640564
consequential_time,141,Moderate content for an online social media platform.,142,Write a poem in the style of Emily Dickinson.,142,Write a poem in the style of Emily Dickinson.,3.830118724821819,0.9787541462487621
consequential_time,141,Moderate content for an online social media platform.,143,Craft a marketing strategy for a small business.,143,Craft a marketing strategy for a small business.,2.298492112665561,0.9087520793900594
consequential_time,141,Moderate content for an online social media platform.,144,Evaluate student essays for grammar and content.,144,Evaluate student essays for grammar and content.,0.6534050112598131,0.6577773634358413
consequential_time,141,Moderate content for an online social media platform.,145,Develop a chatbot for customer service.,145,Develop a chatbot for customer service.,2.335043263164172,0.9117380208398682
consequential_time,141,Moderate content for an online social media platform.,146,Fact-check claims in a political speech.,146,Fact-check claims in a political speech.,1.9535377760409698,0.8758318881684998
consequential_time,141,Moderate content for an online social media platform.,147,Compose an orchestral piece for a movie soundtrack.,147,Compose an orchestral piece for a movie soundtrack.,2.189327168912468,0.8992869845580374
consequential_time,141,Moderate content for an online social media platform.,149,Generate synthetic datasets for training AI models.,149,Generate synthetic datasets for training AI models.,1.527106056202115,0.8215825010587279
consequential_time,141,Moderate content for an online social media platform.,150,Produce a detailed report on global climate change impacts.,150,Produce a detailed report on global climate change impacts.,2.968934003800144,0.9511507714527191
consequential_time,141,Moderate content for an online social media platform.,151,Help an author edit and refine their novel.,151,Help an author edit and refine their novel.,2.927882235991393,0.9492076695133818
consequential_time,141,Moderate content for an online social media platform.,152,Identify phishing scams in email correspondence.,152,Identify phishing scams in email correspondence.,2.335043263164171,0.9117380208398682
consequential_time,141,Moderate content for an online social media platform.,153,Brainstorm innovative uses for AI in healthcare.,153,Brainstorm innovative uses for AI in healthcare.,5.487665653833007,0.9958795570497357
consequential_time,141,Moderate content for an online social media platform.,154,Transcribe ancient handwritten manuscripts into digital text.,154,Transcribe ancient handwritten manuscripts into digital text.,1.3140806861008962,0.7881952011658465
consequential_time,141,Moderate content for an online social media platform.,155,Rank the emotional content of user-submitted poems.,155,Rank the emotional content of user-submitted poems.,1.9861633421023344,0.8793366459994175
consequential_time,141,Moderate content for an online social media platform.,156,Create an infographic on the history of mathematics.,156,Create an infographic on the history of mathematics.,2.2256509264241844,0.902529439994786
consequential_time,141,Moderate content for an online social media platform.,157,Organize code repositories for an open-source project.,157,Organize code repositories for an open-source project.,1.272454924179078,0.7811627008052962
consequential_time,141,Moderate content for an online social media platform.,158,Conduct sentiment analysis on customer reviews.,158,Conduct sentiment analysis on customer reviews.,2.4454283737327485,0.9202264932054255
consequential_time,141,Moderate content for an online social media platform.,159,Create a fully interactive AI-generated educational tool.,159,Create a fully interactive AI-generated educational tool.,2.316755024171496,0.9102552090992945
consequential_time,141,Moderate content for an online social media platform.,160,Review security vulnerabilities in a software application.,160,Review security vulnerabilities in a software application.,2.320061982338992,0.9105249904484989
consequential_time,141,Moderate content for an online social media platform.,161,Label images for use in computer vision training.,161,Label images for use in computer vision training.,0.4741289004734528,0.6163605450219384
consequential_time,142,Write a poem in the style of Emily Dickinson.,143,Craft a marketing strategy for a small business.,142,Write a poem in the style of Emily Dickinson.,1.5316266121562587,0.822244182340695
consequential_time,142,Write a poem in the style of Emily Dickinson.,144,Evaluate student essays for grammar and content.,142,Write a poem in the style of Emily Dickinson.,3.1767137135620063,0.959948507780556
consequential_time,142,Write a poem in the style of Emily Dickinson.,145,Develop a chatbot for customer service.,142,Write a poem in the style of Emily Dickinson.,1.4950754616576476,0.8168388498066816
consequential_time,142,Write a poem in the style of Emily Dickinson.,146,Fact-check claims in a political speech.,142,Write a poem in the style of Emily Dickinson.,1.8765809487808496,0.8672179133535345
consequential_time,142,Write a poem in the style of Emily Dickinson.,147,Compose an orchestral piece for a movie soundtrack.,142,Write a poem in the style of Emily Dickinson.,1.6407915559093513,0.8376426157884153
consequential_time,142,Write a poem in the style of Emily Dickinson.,149,Generate synthetic datasets for training AI models.,142,Write a poem in the style of Emily Dickinson.,2.3030126686197043,0.9091262397389961
consequential_time,142,Write a poem in the style of Emily Dickinson.,150,Produce a detailed report on global climate change impacts.,142,Write a poem in the style of Emily Dickinson.,0.861184721021675,0.7029081170754536
consequential_time,142,Write a poem in the style of Emily Dickinson.,151,Help an author edit and refine their novel.,142,Write a poem in the style of Emily Dickinson.,0.9022364888304266,0.7114088848453478
consequential_time,142,Write a poem in the style of Emily Dickinson.,152,Identify phishing scams in email correspondence.,142,Write a poem in the style of Emily Dickinson.,1.4950754616576485,0.8168388498066819
consequential_time,142,Write a poem in the style of Emily Dickinson.,153,Brainstorm innovative uses for AI in healthcare.,153,Brainstorm innovative uses for AI in healthcare.,1.6575469290111873,0.8399084325610093
consequential_time,142,Write a poem in the style of Emily Dickinson.,154,Transcribe ancient handwritten manuscripts into digital text.,142,Write a poem in the style of Emily Dickinson.,2.5160380387209234,0.9252585258793291
consequential_time,142,Write a poem in the style of Emily Dickinson.,155,Rank the emotional content of user-submitted poems.,142,Write a poem in the style of Emily Dickinson.,1.843955382719485,0.8634158323465616
consequential_time,142,Write a poem in the style of Emily Dickinson.,156,Create an infographic on the history of mathematics.,142,Write a poem in the style of Emily Dickinson.,1.6044677983976352,0.8326418956324093
consequential_time,142,Write a poem in the style of Emily Dickinson.,157,Organize code repositories for an open-source project.,142,Write a poem in the style of Emily Dickinson.,2.5576638006427412,0.9280866914740423
consequential_time,142,Write a poem in the style of Emily Dickinson.,158,Conduct sentiment analysis on customer reviews.,142,Write a poem in the style of Emily Dickinson.,1.3846903510890707,0.7997432348939786
consequential_time,142,Write a poem in the style of Emily Dickinson.,159,Create a fully interactive AI-generated educational tool.,142,Write a poem in the style of Emily Dickinson.,1.5133637006503233,0.8195591722044742
consequential_time,142,Write a poem in the style of Emily Dickinson.,160,Review security vulnerabilities in a software application.,142,Write a poem in the style of Emily Dickinson.,1.5100567424828275,0.8190696159285221
consequential_time,142,Write a poem in the style of Emily Dickinson.,161,Label images for use in computer vision training.,142,Write a poem in the style of Emily Dickinson.,3.3559898243483666,0.9663004336465005
consequential_time,143,Craft a marketing strategy for a small business.,144,Evaluate student essays for grammar and content.,143,Craft a marketing strategy for a small business.,1.6450871014057475,0.8382259521382226
consequential_time,143,Craft a marketing strategy for a small business.,145,Develop a chatbot for customer service.,145,Develop a chatbot for customer service.,0.03655115049861113,0.5091367704303946
consequential_time,143,Craft a marketing strategy for a small business.,146,Fact-check claims in a political speech.,143,Craft a marketing strategy for a small business.,0.34495433662459085,0.5853934863083332
consequential_time,143,Craft a marketing strategy for a small business.,147,Compose an orchestral piece for a movie soundtrack.,143,Craft a marketing strategy for a small business.,0.1091649437530926,0.5272641657599899
consequential_time,143,Craft a marketing strategy for a small business.,149,Generate synthetic datasets for training AI models.,143,Craft a marketing strategy for a small business.,0.7713860564634456,0.6838206492866329
consequential_time,143,Craft a marketing strategy for a small business.,150,Produce a detailed report on global climate change impacts.,150,Produce a detailed report on global climate change impacts.,0.6704418911345837,0.6616020989580081
consequential_time,143,Craft a marketing strategy for a small business.,151,Help an author edit and refine their novel.,151,Help an author edit and refine their novel.,0.6293901233258321,0.6523511616508799
consequential_time,143,Craft a marketing strategy for a small business.,152,Identify phishing scams in email correspondence.,152,Identify phishing scams in email correspondence.,0.03655115049861024,0.5091367704303943
consequential_time,143,Craft a marketing strategy for a small business.,153,Brainstorm innovative uses for AI in healthcare.,153,Brainstorm innovative uses for AI in healthcare.,3.1891735411674462,0.9604248195377496
consequential_time,143,Craft a marketing strategy for a small business.,154,Transcribe ancient handwritten manuscripts into digital text.,143,Craft a marketing strategy for a small business.,0.9844114265646645,0.727982662296487
consequential_time,143,Craft a marketing strategy for a small business.,155,Rank the emotional content of user-submitted poems.,143,Craft a marketing strategy for a small business.,0.3123287705632263,0.5774535855961244
consequential_time,143,Craft a marketing strategy for a small business.,156,Create an infographic on the history of mathematics.,143,Craft a marketing strategy for a small business.,0.07284118624137648,0.5182022490892584
consequential_time,143,Craft a marketing strategy for a small business.,157,Organize code repositories for an open-source project.,143,Craft a marketing strategy for a small business.,1.0260371884864825,0.7361469011974056
consequential_time,143,Craft a marketing strategy for a small business.,158,Conduct sentiment analysis on customer reviews.,158,Conduct sentiment analysis on customer reviews.,0.14693626106718805,0.5366681161326574
consequential_time,143,Craft a marketing strategy for a small business.,159,Create a fully interactive AI-generated educational tool.,159,Create a fully interactive AI-generated educational tool.,0.018262911505935397,0.5045656009786169
consequential_time,143,Craft a marketing strategy for a small business.,160,Review security vulnerabilities in a software application.,160,Review security vulnerabilities in a software application.,0.02156986967343122,0.5053922583534601
consequential_time,143,Craft a marketing strategy for a small business.,161,Label images for use in computer vision training.,143,Craft a marketing strategy for a small business.,1.8243632121921078,0.8610888546942435
consequential_time,144,Evaluate student essays for grammar and content.,145,Develop a chatbot for customer service.,145,Develop a chatbot for customer service.,1.6816382519043587,0.8431213408248576
consequential_time,144,Evaluate student essays for grammar and content.,146,Fact-check claims in a political speech.,146,Fact-check claims in a political speech.,1.3001327647811567,0.7858573262898882
consequential_time,144,Evaluate student essays for grammar and content.,147,Compose an orchestral piece for a movie soundtrack.,147,Compose an orchestral piece for a movie soundtrack.,1.535922157652655,0.8228711448155503
consequential_time,144,Evaluate student essays for grammar and content.,149,Generate synthetic datasets for training AI models.,149,Generate synthetic datasets for training AI models.,0.8737010449423019,0.7055152244609115
consequential_time,144,Evaluate student essays for grammar and content.,150,Produce a detailed report on global climate change impacts.,150,Produce a detailed report on global climate change impacts.,2.3155289925403313,0.9101550033724748
consequential_time,144,Evaluate student essays for grammar and content.,151,Help an author edit and refine their novel.,151,Help an author edit and refine their novel.,2.2744772247315796,0.9067410795546681
consequential_time,144,Evaluate student essays for grammar and content.,152,Identify phishing scams in email correspondence.,152,Identify phishing scams in email correspondence.,1.6816382519043578,0.8431213408248575
consequential_time,144,Evaluate student essays for grammar and content.,153,Brainstorm innovative uses for AI in healthcare.,153,Brainstorm innovative uses for AI in healthcare.,4.834260642573193,0.9921101783860873
consequential_time,144,Evaluate student essays for grammar and content.,154,Transcribe ancient handwritten manuscripts into digital text.,154,Transcribe ancient handwritten manuscripts into digital text.,0.660675674841083,0.6594121530950265
consequential_time,144,Evaluate student essays for grammar and content.,155,Rank the emotional content of user-submitted poems.,155,Rank the emotional content of user-submitted poems.,1.3327583308425213,0.7912965290269237
consequential_time,144,Evaluate student essays for grammar and content.,156,Create an infographic on the history of mathematics.,156,Create an infographic on the history of mathematics.,1.572245915164371,0.8281035455652884
consequential_time,144,Evaluate student essays for grammar and content.,157,Organize code repositories for an open-source project.,157,Organize code repositories for an open-source project.,0.6190499129192649,0.6500024352728068
consequential_time,144,Evaluate student essays for grammar and content.,158,Conduct sentiment analysis on customer reviews.,158,Conduct sentiment analysis on customer reviews.,1.7920233624729356,0.857175167556048
consequential_time,144,Evaluate student essays for grammar and content.,159,Create a fully interactive AI-generated educational tool.,159,Create a fully interactive AI-generated educational tool.,1.663350012911683,0.8406871900246881
consequential_time,144,Evaluate student essays for grammar and content.,160,Review security vulnerabilities in a software application.,160,Review security vulnerabilities in a software application.,1.6666569710791788,0.8411295994962321
consequential_time,144,Evaluate student essays for grammar and content.,161,Label images for use in computer vision training.,144,Evaluate student essays for grammar and content.,0.1792761107863603,0.5446993722419863
consequential_time,145,Develop a chatbot for customer service.,146,Fact-check claims in a political speech.,145,Develop a chatbot for customer service.,0.381505487123202,0.5942361567452971
consequential_time,145,Develop a chatbot for customer service.,147,Compose an orchestral piece for a movie soundtrack.,145,Develop a chatbot for customer service.,0.14571609425170373,0.5363647014674839
consequential_time,145,Develop a chatbot for customer service.,149,Generate synthetic datasets for training AI models.,145,Develop a chatbot for customer service.,0.8079372069620567,0.6916697615030264
consequential_time,145,Develop a chatbot for customer service.,150,Produce a detailed report on global climate change impacts.,150,Produce a detailed report on global climate change impacts.,0.6338907406359726,0.6533711516034756
consequential_time,145,Develop a chatbot for customer service.,151,Help an author edit and refine their novel.,151,Help an author edit and refine their novel.,0.592838972827221,0.6440162724364077
consequential_time,145,Develop a chatbot for customer service.,152,Identify phishing scams in email correspondence.,145,Develop a chatbot for customer service.,8.881784197001252e-16,0.5000000000000002
consequential_time,145,Develop a chatbot for customer service.,153,Brainstorm innovative uses for AI in healthcare.,153,Brainstorm innovative uses for AI in healthcare.,3.152622390668835,0.9590119270351509
consequential_time,145,Develop a chatbot for customer service.,154,Transcribe ancient handwritten manuscripts into digital text.,145,Develop a chatbot for customer service.,1.0209625770632758,0.7351600553964915
consequential_time,145,Develop a chatbot for customer service.,155,Rank the emotional content of user-submitted poems.,145,Develop a chatbot for customer service.,0.3488799210618374,0.586345936366646
consequential_time,145,Develop a chatbot for customer service.,156,Create an infographic on the history of mathematics.,145,Develop a chatbot for customer service.,0.1093923367399876,0.5273208446259731
consequential_time,145,Develop a chatbot for customer service.,157,Organize code repositories for an open-source project.,145,Develop a chatbot for customer service.,1.0625883389850936,0.7431848694522568
consequential_time,145,Develop a chatbot for customer service.,158,Conduct sentiment analysis on customer reviews.,158,Conduct sentiment analysis on customer reviews.,0.11038511056857692,0.5275682903164931
consequential_time,145,Develop a chatbot for customer service.,159,Create a fully interactive AI-generated educational tool.,145,Develop a chatbot for customer service.,0.01828823899267573,0.5045719323216254
consequential_time,145,Develop a chatbot for customer service.,160,Review security vulnerabilities in a software application.,145,Develop a chatbot for customer service.,0.01498128082517991,0.5037452501582772
consequential_time,145,Develop a chatbot for customer service.,161,Label images for use in computer vision training.,145,Develop a chatbot for customer service.,1.860914362690719,0.8654034888687181
consequential_time,146,Fact-check claims in a political speech.,147,Compose an orchestral piece for a movie soundtrack.,147,Compose an orchestral piece for a movie soundtrack.,0.23578939287149825,0.5586757519048803
consequential_time,146,Fact-check claims in a political speech.,149,Generate synthetic datasets for training AI models.,146,Fact-check claims in a political speech.,0.42643171983885475,0.6050212749589273
consequential_time,146,Fact-check claims in a political speech.,150,Produce a detailed report on global climate change impacts.,150,Produce a detailed report on global climate change impacts.,1.0153962277591746,0.7340748709016776
consequential_time,146,Fact-check claims in a political speech.,151,Help an author edit and refine their novel.,151,Help an author edit and refine their novel.,0.974344459950423,0.7259845933676506
consequential_time,146,Fact-check claims in a political speech.,152,Identify phishing scams in email correspondence.,152,Identify phishing scams in email correspondence.,0.3815054871232011,0.594236156745297
consequential_time,146,Fact-check claims in a political speech.,153,Brainstorm innovative uses for AI in healthcare.,153,Brainstorm innovative uses for AI in healthcare.,3.534127877792037,0.9716433674986524
consequential_time,146,Fact-check claims in a political speech.,154,Transcribe ancient handwritten manuscripts into digital text.,146,Fact-check claims in a political speech.,0.6394570899400737,0.6546307247365134
consequential_time,146,Fact-check claims in a political speech.,155,Rank the emotional content of user-submitted poems.,155,Rank the emotional content of user-submitted poems.,0.032625566061364575,0.5081556681016827
consequential_time,146,Fact-check claims in a political speech.,156,Create an infographic on the history of mathematics.,156,Create an infographic on the history of mathematics.,0.2721131503832144,0.567611606570597
consequential_time,146,Fact-check claims in a political speech.,157,Organize code repositories for an open-source project.,146,Fact-check claims in a political speech.,0.6810828518618918,0.6639803358532118
consequential_time,146,Fact-check claims in a political speech.,158,Conduct sentiment analysis on customer reviews.,158,Conduct sentiment analysis on customer reviews.,0.4918905976917789,0.6205517076022837
consequential_time,146,Fact-check claims in a political speech.,159,Create a fully interactive AI-generated educational tool.,159,Create a fully interactive AI-generated educational tool.,0.36321724813052625,0.5898190154002085
consequential_time,146,Fact-check claims in a political speech.,160,Review security vulnerabilities in a software application.,160,Review security vulnerabilities in a software application.,0.36652420629802207,0.5906188379057717
consequential_time,146,Fact-check claims in a political speech.,161,Label images for use in computer vision training.,146,Fact-check claims in a political speech.,1.479408875567517,0.8144832782508405
consequential_time,147,Compose an orchestral piece for a movie soundtrack.,149,Generate synthetic datasets for training AI models.,147,Compose an orchestral piece for a movie soundtrack.,0.662221112710353,0.6597591539759722
consequential_time,147,Compose an orchestral piece for a movie soundtrack.,150,Produce a detailed report on global climate change impacts.,150,Produce a detailed report on global climate change impacts.,0.7796068348876763,0.6855953716695763
consequential_time,147,Compose an orchestral piece for a movie soundtrack.,151,Help an author edit and refine their novel.,151,Help an author edit and refine their novel.,0.7385550670789247,0.6766798084188654
consequential_time,147,Compose an orchestral piece for a movie soundtrack.,152,Identify phishing scams in email correspondence.,152,Identify phishing scams in email correspondence.,0.14571609425170284,0.5363647014674837
consequential_time,147,Compose an orchestral piece for a movie soundtrack.,153,Brainstorm innovative uses for AI in healthcare.,153,Brainstorm innovative uses for AI in healthcare.,3.2983384849205386,0.9643717669858255
consequential_time,147,Compose an orchestral piece for a movie soundtrack.,154,Transcribe ancient handwritten manuscripts into digital text.,147,Compose an orchestral piece for a movie soundtrack.,0.8752464828115719,0.7058362080182978
consequential_time,147,Compose an orchestral piece for a movie soundtrack.,155,Rank the emotional content of user-submitted poems.,147,Compose an orchestral piece for a movie soundtrack.,0.20316382681013367,0.5506169727793402
consequential_time,147,Compose an orchestral piece for a movie soundtrack.,156,Create an infographic on the history of mathematics.,156,Create an infographic on the history of mathematics.,0.036323757511716126,0.5090799410487419
consequential_time,147,Compose an orchestral piece for a movie soundtrack.,157,Organize code repositories for an open-source project.,147,Compose an orchestral piece for a movie soundtrack.,0.91687224473339,0.7144043755897188
consequential_time,147,Compose an orchestral piece for a movie soundtrack.,158,Conduct sentiment analysis on customer reviews.,158,Conduct sentiment analysis on customer reviews.,0.25610120482028065,0.5636776412212717
consequential_time,147,Compose an orchestral piece for a movie soundtrack.,159,Create a fully interactive AI-generated educational tool.,159,Create a fully interactive AI-generated educational tool.,0.127427855259028,0.5318139262917795
consequential_time,147,Compose an orchestral piece for a movie soundtrack.,160,Review security vulnerabilities in a software application.,160,Review security vulnerabilities in a software application.,0.13073481342652382,0.5326372314075908
consequential_time,147,Compose an orchestral piece for a movie soundtrack.,161,Label images for use in computer vision training.,147,Compose an orchestral piece for a movie soundtrack.,1.7151982684390152,0.8475093085780759
consequential_time,149,Generate synthetic datasets for training AI models.,150,Produce a detailed report on global climate change impacts.,150,Produce a detailed report on global climate change impacts.,1.4418279475980293,0.8087375600009427
consequential_time,149,Generate synthetic datasets for training AI models.,151,Help an author edit and refine their novel.,151,Help an author edit and refine their novel.,1.4007761797892777,0.802307027680538
consequential_time,149,Generate synthetic datasets for training AI models.,152,Identify phishing scams in email correspondence.,152,Identify phishing scams in email correspondence.,0.8079372069620558,0.6916697615030262
consequential_time,149,Generate synthetic datasets for training AI models.,153,Brainstorm innovative uses for AI in healthcare.,153,Brainstorm innovative uses for AI in healthcare.,3.9605595976308914,0.9813037595761646
consequential_time,149,Generate synthetic datasets for training AI models.,154,Transcribe ancient handwritten manuscripts into digital text.,149,Generate synthetic datasets for training AI models.,0.2130253701012189,0.553055855398341
consequential_time,149,Generate synthetic datasets for training AI models.,155,Rank the emotional content of user-submitted poems.,155,Rank the emotional content of user-submitted poems.,0.4590572859002193,0.6127905143388175
consequential_time,149,Generate synthetic datasets for training AI models.,156,Create an infographic on the history of mathematics.,156,Create an infographic on the history of mathematics.,0.6985448702220691,0.66786507224505
consequential_time,149,Generate synthetic datasets for training AI models.,157,Organize code repositories for an open-source project.,149,Generate synthetic datasets for training AI models.,0.254651132023037,0.5633209699664974
consequential_time,149,Generate synthetic datasets for training AI models.,158,Conduct sentiment analysis on customer reviews.,158,Conduct sentiment analysis on customer reviews.,0.9183223175306336,0.7147001430434966
consequential_time,149,Generate synthetic datasets for training AI models.,159,Create a fully interactive AI-generated educational tool.,159,Create a fully interactive AI-generated educational tool.,0.789648967969381,0.6877559522296326
consequential_time,149,Generate synthetic datasets for training AI models.,160,Review security vulnerabilities in a software application.,160,Review security vulnerabilities in a software application.,0.7929559261368768,0.6884656725851178
consequential_time,149,Generate synthetic datasets for training AI models.,161,Label images for use in computer vision training.,149,Generate synthetic datasets for training AI models.,1.0529771557286622,0.7413461848653369
consequential_time,150,Produce a detailed report on global climate change impacts.,151,Help an author edit and refine their novel.,150,Produce a detailed report on global climate change impacts.,0.04105176780875164,0.510261500895149
consequential_time,150,Produce a detailed report on global climate change impacts.,152,Identify phishing scams in email correspondence.,150,Produce a detailed report on global climate change impacts.,0.6338907406359735,0.6533711516034758
consequential_time,150,Produce a detailed report on global climate change impacts.,153,Brainstorm innovative uses for AI in healthcare.,153,Brainstorm innovative uses for AI in healthcare.,2.518731650032862,0.92544458982582
consequential_time,150,Produce a detailed report on global climate change impacts.,154,Transcribe ancient handwritten manuscripts into digital text.,150,Produce a detailed report on global climate change impacts.,1.6548533176992484,0.839545911805251
consequential_time,150,Produce a detailed report on global climate change impacts.,155,Rank the emotional content of user-submitted poems.,150,Produce a detailed report on global climate change impacts.,0.98277066169781,0.7276576301186805
consequential_time,150,Produce a detailed report on global climate change impacts.,156,Create an infographic on the history of mathematics.,150,Produce a detailed report on global climate change impacts.,0.7432830773759602,0.677713357289324
consequential_time,150,Produce a detailed report on global climate change impacts.,157,Organize code repositories for an open-source project.,150,Produce a detailed report on global climate change impacts.,1.6964790796210663,0.8450743228185137
consequential_time,150,Produce a detailed report on global climate change impacts.,158,Conduct sentiment analysis on customer reviews.,150,Produce a detailed report on global climate change impacts.,0.5235056300673957,0.627967133812288
consequential_time,150,Produce a detailed report on global climate change impacts.,159,Create a fully interactive AI-generated educational tool.,150,Produce a detailed report on global climate change impacts.,0.6521789796286483,0.6575013226245013
consequential_time,150,Produce a detailed report on global climate change impacts.,160,Review security vulnerabilities in a software application.,150,Produce a detailed report on global climate change impacts.,0.6488720214611525,0.6567562302889127
consequential_time,150,Produce a detailed report on global climate change impacts.,161,Label images for use in computer vision training.,150,Produce a detailed report on global climate change impacts.,2.4948051033266916,0.92377683503777
consequential_time,151,Help an author edit and refine their novel.,152,Identify phishing scams in email correspondence.,151,Help an author edit and refine their novel.,0.5928389728272219,0.6440162724364079
consequential_time,151,Help an author edit and refine their novel.,153,Brainstorm innovative uses for AI in healthcare.,153,Brainstorm innovative uses for AI in healthcare.,2.559783417841614,0.9282280302076826
consequential_time,151,Help an author edit and refine their novel.,154,Transcribe ancient handwritten manuscripts into digital text.,151,Help an author edit and refine their novel.,1.6138015498904967,0.8339385128695171
consequential_time,151,Help an author edit and refine their novel.,155,Rank the emotional content of user-submitted poems.,151,Help an author edit and refine their novel.,0.9417188938890584,0.7194467351740493
consequential_time,151,Help an author edit and refine their novel.,156,Create an infographic on the history of mathematics.,151,Help an author edit and refine their novel.,0.7022313095672086,0.6686822964337781
consequential_time,151,Help an author edit and refine their novel.,157,Organize code repositories for an open-source project.,151,Help an author edit and refine their novel.,1.6554273118123146,0.8396232186645533
consequential_time,151,Help an author edit and refine their novel.,158,Conduct sentiment analysis on customer reviews.,151,Help an author edit and refine their novel.,0.48245386225864406,0.6183271509434233
consequential_time,151,Help an author edit and refine their novel.,159,Create a fully interactive AI-generated educational tool.,151,Help an author edit and refine their novel.,0.6111272118198967,0.648197891436033
consequential_time,151,Help an author edit and refine their novel.,160,Review security vulnerabilities in a software application.,151,Help an author edit and refine their novel.,0.6078202536524009,0.6474434122725413
consequential_time,151,Help an author edit and refine their novel.,161,Label images for use in computer vision training.,151,Help an author edit and refine their novel.,2.45375333551794,0.9208354920857127
consequential_time,152,Identify phishing scams in email correspondence.,153,Brainstorm innovative uses for AI in healthcare.,153,Brainstorm innovative uses for AI in healthcare.,3.152622390668836,0.9590119270351511
consequential_time,152,Identify phishing scams in email correspondence.,154,Transcribe ancient handwritten manuscripts into digital text.,152,Identify phishing scams in email correspondence.,1.0209625770632749,0.7351600553964914
consequential_time,152,Identify phishing scams in email correspondence.,155,Rank the emotional content of user-submitted poems.,152,Identify phishing scams in email correspondence.,0.3488799210618365,0.5863459363666458
consequential_time,152,Identify phishing scams in email correspondence.,156,Create an infographic on the history of mathematics.,152,Identify phishing scams in email correspondence.,0.10939233673998672,0.5273208446259727
consequential_time,152,Identify phishing scams in email correspondence.,157,Organize code repositories for an open-source project.,152,Identify phishing scams in email correspondence.,1.0625883389850928,0.7431848694522565
consequential_time,152,Identify phishing scams in email correspondence.,158,Conduct sentiment analysis on customer reviews.,158,Conduct sentiment analysis on customer reviews.,0.1103851105685778,0.5275682903164933
consequential_time,152,Identify phishing scams in email correspondence.,159,Create a fully interactive AI-generated educational tool.,152,Identify phishing scams in email correspondence.,0.018288238992674843,0.5045719323216251
consequential_time,152,Identify phishing scams in email correspondence.,160,Review security vulnerabilities in a software application.,152,Identify phishing scams in email correspondence.,0.014981280825179022,0.503745250158277
consequential_time,152,Identify phishing scams in email correspondence.,161,Label images for use in computer vision training.,152,Identify phishing scams in email correspondence.,1.860914362690718,0.8654034888687179
consequential_time,153,Brainstorm innovative uses for AI in healthcare.,154,Transcribe ancient handwritten manuscripts into digital text.,153,Brainstorm innovative uses for AI in healthcare.,4.17358496773211,0.9848365082801487
consequential_time,153,Brainstorm innovative uses for AI in healthcare.,155,Rank the emotional content of user-submitted poems.,153,Brainstorm innovative uses for AI in healthcare.,3.5015023117306723,0.9707304843474673
consequential_time,153,Brainstorm innovative uses for AI in healthcare.,156,Create an infographic on the history of mathematics.,153,Brainstorm innovative uses for AI in healthcare.,3.2620147274088227,0.9631024531326765
consequential_time,153,Brainstorm innovative uses for AI in healthcare.,157,Organize code repositories for an open-source project.,153,Brainstorm innovative uses for AI in healthcare.,4.215210729653928,0.9854457456967113
consequential_time,153,Brainstorm innovative uses for AI in healthcare.,158,Conduct sentiment analysis on customer reviews.,153,Brainstorm innovative uses for AI in healthcare.,3.0422372801002577,0.9544462020933232
consequential_time,153,Brainstorm innovative uses for AI in healthcare.,159,Create a fully interactive AI-generated educational tool.,153,Brainstorm innovative uses for AI in healthcare.,3.1709106296615106,0.9597247979851471
consequential_time,153,Brainstorm innovative uses for AI in healthcare.,160,Review security vulnerabilities in a software application.,153,Brainstorm innovative uses for AI in healthcare.,3.167603671494015,0.9595967792579351
consequential_time,153,Brainstorm innovative uses for AI in healthcare.,161,Label images for use in computer vision training.,153,Brainstorm innovative uses for AI in healthcare.,5.013536753359554,0.9933965438556821
consequential_time,154,Transcribe ancient handwritten manuscripts into digital text.,155,Rank the emotional content of user-submitted poems.,155,Rank the emotional content of user-submitted poems.,0.6720826560014382,0.6619693437513561
consequential_time,154,Transcribe ancient handwritten manuscripts into digital text.,156,Create an infographic on the history of mathematics.,156,Create an infographic on the history of mathematics.,0.911570240323288,0.7133213749918983
consequential_time,154,Transcribe ancient handwritten manuscripts into digital text.,157,Organize code repositories for an open-source project.,154,Transcribe ancient handwritten manuscripts into digital text.,0.041625761921818105,0.5104049381339641
consequential_time,154,Transcribe ancient handwritten manuscripts into digital text.,158,Conduct sentiment analysis on customer reviews.,158,Conduct sentiment analysis on customer reviews.,1.1313476876318527,0.7560875243120069
consequential_time,154,Transcribe ancient handwritten manuscripts into digital text.,159,Create a fully interactive AI-generated educational tool.,159,Create a fully interactive AI-generated educational tool.,1.0026743380705998,0.7315840603847303
consequential_time,154,Transcribe ancient handwritten manuscripts into digital text.,160,Review security vulnerabilities in a software application.,160,Review security vulnerabilities in a software application.,1.0059812962380956,0.7322329463343248
consequential_time,154,Transcribe ancient handwritten manuscripts into digital text.,161,Label images for use in computer vision training.,154,Transcribe ancient handwritten manuscripts into digital text.,0.8399517856274433,0.6984550614012487
consequential_time,155,Rank the emotional content of user-submitted poems.,156,Create an infographic on the history of mathematics.,156,Create an infographic on the history of mathematics.,0.2394875843218498,0.5595873686172418
consequential_time,155,Rank the emotional content of user-submitted poems.,157,Organize code repositories for an open-source project.,155,Rank the emotional content of user-submitted poems.,0.7137084179232563,0.6712200661869536
consequential_time,155,Rank the emotional content of user-submitted poems.,158,Conduct sentiment analysis on customer reviews.,158,Conduct sentiment analysis on customer reviews.,0.4592650316304143,0.6128398067373001
consequential_time,155,Rank the emotional content of user-submitted poems.,159,Create a fully interactive AI-generated educational tool.,159,Create a fully interactive AI-generated educational tool.,0.3305916820691617,0.5819033352354431
consequential_time,155,Rank the emotional content of user-submitted poems.,160,Review security vulnerabilities in a software application.,160,Review security vulnerabilities in a software application.,0.3338986402366575,0.5827076725964585
consequential_time,155,Rank the emotional content of user-submitted poems.,161,Label images for use in computer vision training.,155,Rank the emotional content of user-submitted poems.,1.5120344416288816,0.8193625153013002
consequential_time,156,Create an infographic on the history of mathematics.,157,Organize code repositories for an open-source project.,156,Create an infographic on the history of mathematics.,0.9531960022451061,0.7217574654504594
consequential_time,156,Create an infographic on the history of mathematics.,158,Conduct sentiment analysis on customer reviews.,158,Conduct sentiment analysis on customer reviews.,0.21977744730856452,0.5547242640926544
consequential_time,156,Create an infographic on the history of mathematics.,159,Create a fully interactive AI-generated educational tool.,159,Create a fully interactive AI-generated educational tool.,0.09110409774731187,0.5227602841664762
consequential_time,156,Create an infographic on the history of mathematics.,160,Review security vulnerabilities in a software application.,160,Review security vulnerabilities in a software application.,0.0944110559148077,0.523585247758437
consequential_time,156,Create an infographic on the history of mathematics.,161,Label images for use in computer vision training.,156,Create an infographic on the history of mathematics.,1.7515220259507314,0.8521446711044427
consequential_time,157,Organize code repositories for an open-source project.,158,Conduct sentiment analysis on customer reviews.,158,Conduct sentiment analysis on customer reviews.,1.1729734495536706,0.7636820601057538
consequential_time,157,Organize code repositories for an open-source project.,159,Create a fully interactive AI-generated educational tool.,159,Create a fully interactive AI-generated educational tool.,1.0443000999924181,0.7396788607023228
consequential_time,157,Organize code repositories for an open-source project.,160,Review security vulnerabilities in a software application.,160,Review security vulnerabilities in a software application.,1.047607058159914,0.7403151239827372
consequential_time,157,Organize code repositories for an open-source project.,161,Label images for use in computer vision training.,157,Organize code repositories for an open-source project.,0.7983260237056252,0.6896162875400067
consequential_time,158,Conduct sentiment analysis on customer reviews.,159,Create a fully interactive AI-generated educational tool.,158,Conduct sentiment analysis on customer reviews.,0.12867334956125265,0.5321240269427513
consequential_time,158,Conduct sentiment analysis on customer reviews.,160,Review security vulnerabilities in a software application.,158,Conduct sentiment analysis on customer reviews.,0.12536639139375683,0.531300613303488
consequential_time,158,Conduct sentiment analysis on customer reviews.,161,Label images for use in computer vision training.,158,Conduct sentiment analysis on customer reviews.,1.9712994732592959,0.8777506209257173
consequential_time,159,Create a fully interactive AI-generated educational tool.,160,Review security vulnerabilities in a software application.,160,Review security vulnerabilities in a software application.,0.0033069581674958215,0.5008267387884414
consequential_time,159,Create a fully interactive AI-generated educational tool.,161,Label images for use in computer vision training.,159,Create a fully interactive AI-generated educational tool.,1.8426261236980432,0.8632589985095278
consequential_time,160,Review security vulnerabilities in a software application.,161,Label images for use in computer vision training.,160,Review security vulnerabilities in a software application.,1.845933081865539,0.8636488927134703
